5703880000.0,-7.98999452591,-0.0732067450881
5703880500.0,-8.00149250031,-0.0171124190092
5703881000.0,-7.98629665375,-0.111595220864
5703881500.0,-7.97956705093,-0.098033927381
5703882000.0,-7.99805116653,-0.132604196668
5703882500.0,-8.00897979736,-0.129808574915
5703883000.0,-7.98561859131,-0.1119761765
5703883500.0,-7.98567342758,-0.20273411274
5703884000.0,-7.9969587326,-0.203394308686
5703884500.0,-8.00784492493,-0.168721035123
5703885000.0,-7.9842839241,-0.179295092821
5703885500.0,-7.99523878098,-0.212144210935
5703886000.0,-8.00806331635,-0.287749499083
5703886500.0,-7.99952220917,-0.19835048914
5703887000.0,-7.99863243103,-0.343040496111
5703887500.0,-7.9924325943,-0.127551630139
5703888000.0,-7.98327493668,-0.312581032515
5703888500.0,-7.99601173401,-0.207856565714
5703889000.0,-7.99046802521,-0.154290035367
5703889500.0,-7.96639156342,-0.220372751355
5703890000.0,-8.01373291016,-0.127484619617
5703890500.0,-8.00437831879,-0.277214407921
5703891000.0,-7.9850435257,-0.206318289042
5703891500.0,-7.9923157692,-0.397390037775
5703892000.0,-7.99508190155,-0.265169918537
5703892500.0,-7.99705123901,-0.40461948514
5703893000.0,-7.98067045212,-0.171354517341
5703893500.0,-8.01113796234,-0.272624433041
5703894000.0,-8.01115608215,-0.227431669831
5703894500.0,-7.96759223938,-0.271335840225
5703895000.0,-7.98772764206,-0.268793910742
5703895500.0,-8.00171375275,-0.319689005613
5703896000.0,-7.98992347717,-0.311721473932
5703896500.0,-8.00001811981,-0.320853352547
5703897000.0,-7.99583673477,-0.333553999662
5703897500.0,-7.99256658554,-0.40577340126
5703898000.0,-7.99367332458,-0.360747814178
5703898500.0,-7.99036502838,-0.44211691618
5703899000.0,-7.96901941299,-0.385247409344
5703899500.0,-8.00113677979,-0.386659532785
5703900000.0,-7.98509597778,-0.281911313534
5703900500.0,-7.99904727936,-0.322367846966
5703901000.0,-7.99767827988,-0.421923369169
5703901500.0,-8.02471542358,-0.342611789703
5703902000.0,-8.00020217896,-0.514710068703
5703902500.0,-8.00849819183,-0.367705464363
5703903000.0,-7.97507190704,-0.423839837313
5703903500.0,-8.00524902344,-0.461396843195
5703904000.0,-7.9897236824,-0.495836406946
5703904500.0,-7.97806358337,-0.520607054234
5703905000.0,-8.00622940063,-0.39477995038
5703905500.0,-7.97825622559,-0.575701773167
5703906000.0,-8.01600646973,-0.479118824005
5703906500.0,-8.01253414154,-0.437836617231
5703907000.0,-7.99794435501,-0.463922828436
5703907500.0,-7.98011302948,-0.582869052887
5703908000.0,-8.002866745,-0.548104345798
5703908500.0,-7.99861097336,-0.515216290951
5703909000.0,-7.99230337143,-0.484449267387
5703909500.0,-7.98515701294,-0.508942127228
5703910000.0,-8.02562046051,-0.586483716965
5703910500.0,-7.98125362396,-0.663104593754
5703911000.0,-8.00566196442,-0.611334979534
5703911500.0,-7.99978685379,-0.599336266518
5703912000.0,-8.00692939758,-0.683559298515
5703912500.0,-8.00234889984,-0.470516622066
5703913000.0,-8.01018333435,-0.564760386944
5703913500.0,-7.98539400101,-0.665626108646
5703914000.0,-8.00773620605,-0.592116475105
5703914500.0,-7.98286485672,-0.792470693588
5703915000.0,-7.98998785019,-0.616832971573
5703915500.0,-7.97931194305,-0.754475414753
5703916000.0,-7.98487758636,-0.718141913414
5703916500.0,-7.98392820358,-0.557840943336
5703917000.0,-8.00953865051,-0.686180233955
5703917500.0,-7.98645162582,-0.683694839478
5703918000.0,-7.99203157425,-0.727962613106
5703918500.0,-7.99972915649,-0.653668880463
5703919000.0,-8.01345348358,-0.630902409554
5703919500.0,-7.9707493782,-0.660116434097
5703920000.0,-7.98911333084,-0.672498047352
5703920500.0,-8.01050186157,-0.716336190701
5703921000.0,-7.99720478058,-0.787939608097
5703921500.0,-8.01228523254,-0.645594060421
5703922000.0,-7.97974491119,-0.654867053032
5703922500.0,-8.01179790497,-0.776378452778
5703923000.0,-8.01024723053,-0.892490446568
5703923500.0,-8.0136384964,-0.75682079792
5703924000.0,-8.00704193115,-0.737726211548
5703924500.0,-8.01417160034,-0.765821278095
5703925000.0,-8.00466060638,-0.887965798378
5703925500.0,-7.99491786957,-0.832298517227
5703926000.0,-8.0106678009,-0.920266270638
5703926500.0,-7.98897409439,-0.798349142075
5703927000.0,-8.00020694733,-0.866585075855
5703927500.0,-7.99451875687,-0.832761883736
5703928000.0,-8.01047992706,-0.75766658783
5703928500.0,-7.99727582932,-0.832668185234
5703929000.0,-7.99270439148,-1.0185842514
5703929500.0,-8.01589202881,-0.959915339947
5703930000.0,-8.00079631805,-0.972590446472
5703930500.0,-7.98179864883,-0.743277311325
5703931000.0,-7.97845363617,-0.822425365448
5703931500.0,-8.01969623566,-0.967552661896
5703932000.0,-8.0007648468,-0.881540060043
5703932500.0,-8.01397800446,-1.10236942768
5703933000.0,-7.9850859642,-0.894554972649
5703933500.0,-7.99894571304,-1.09379518032
5703934000.0,-7.98212623596,-1.0627707243
5703934500.0,-8.0019903183,-1.01556122303
5703935000.0,-8.02505588531,-1.05798685551
5703935500.0,-8.0117816925,-0.989962041378
5703936000.0,-8.00123882294,-0.913722515106
5703936500.0,-7.99878692627,-1.03144514561
5703937000.0,-8.00999832153,-0.979816555977
5703937500.0,-8.01250743866,-1.11765325069
5703938000.0,-8.00317192078,-0.985142529011
5703938500.0,-8.00651836395,-1.01804625988
5703939000.0,-8.01404094696,-1.20432519913
5703939500.0,-8.0195350647,-1.23917198181
5703940000.0,-8.02376747131,-1.14727759361
5703940500.0,-8.01296234131,-1.16821408272
5703941000.0,-8.00988006592,-1.14983379841
5703941500.0,-7.99481010437,-1.10993516445
5703942000.0,-8.02218341827,-1.24022722244
5703942500.0,-8.01720428467,-1.29969215393
5703943000.0,-8.02780628204,-1.29745781422
5703943500.0,-8.02080154419,-1.171053648
5703944000.0,-8.01883125305,-1.20220375061
5703944500.0,-8.01063251495,-1.36237812042
5703945000.0,-7.99782037735,-1.30647945404
5703945500.0,-8.01465988159,-1.19652545452
5703946000.0,-7.98972511292,-1.289888978
5703946500.0,-7.98713207245,-1.19480574131
5703947000.0,-8.0101108551,-1.31608057022
5703947500.0,-8.00083255768,-1.25027906895
5703948000.0,-8.00604248047,-1.30565619469
5703948500.0,-8.01341819763,-1.28216147423
5703949000.0,-8.01952648163,-1.32850110531
5703949500.0,-8.00162696838,-1.38678181171
5703950000.0,-8.00759220123,-1.3939999342
5703950500.0,-8.01477336884,-1.24658930302
5703951000.0,-8.01460456848,-1.35032343864
5703951500.0,-8.03481006622,-1.30622804165
5703952000.0,-8.01104068756,-1.49243116379
5703952500.0,-8.0274438858,-1.50508570671
5703953000.0,-8.00890636444,-1.48723900318
5703953500.0,-8.00932312012,-1.31470060349
5703954000.0,-8.02085781097,-1.55957424641
5703954500.0,-8.01063251495,-1.49642705917
5703955000.0,-8.02340316772,-1.52550125122
5703955500.0,-8.01278591156,-1.59728705883
5703956000.0,-7.99643325806,-1.59635555744
5703956500.0,-8.01578998566,-1.52703142166
5703957000.0,-7.99541807175,-1.36344528198
5703957500.0,-7.99696874619,-1.48704457283
5703958000.0,-8.0177898407,-1.61272323132
5703958500.0,-8.00829124451,-1.72186565399
5703959000.0,-8.01743125916,-1.71658849716
5703959500.0,-8.00019454956,-1.62079548836
5703960000.0,-8.02453708649,-1.64691448212
5703960500.0,-7.98371458054,-1.65711200237
5703961000.0,-8.01035881042,-1.85362863541
5703961500.0,-8.01743412018,-1.63723313808
5703962000.0,-8.02126407623,-1.62973535061
5703962500.0,-8.02238082886,-1.65349853039
5703963000.0,-8.00942134857,-1.68731999397
5703963500.0,-8.02844905853,-1.76834285259
5703964000.0,-8.00656223297,-1.81417763233
5703964500.0,-8.01089191437,-1.82971477509
5703965000.0,-8.00811576843,-1.92891836166
5703965500.0,-8.00907993317,-1.76796591282
5703966000.0,-8.00765323639,-1.769120574
5703966500.0,-8.01867771149,-1.79899024963
5703967000.0,-8.01527786255,-1.67915415764
5703967500.0,-8.02927112579,-1.95511817932
5703968000.0,-8.02131938934,-1.8050763607
5703968500.0,-8.00921058655,-1.79934549332
5703969000.0,-8.0186624527,-1.93460452557
5703969500.0,-7.99430274963,-1.88154530525
5703970000.0,-8.01220035553,-1.92432487011
5703970500.0,-8.01907920837,-1.9407337904
5703971000.0,-8.02321910858,-1.91067302227
5703971500.0,-8.0217218399,-1.96652400494
5703972000.0,-8.02248573303,-1.98152458668
5703972500.0,-8.01593589783,-2.08502578735
5703973000.0,-8.02275371552,-2.00450801849
5703973500.0,-8.02382564545,-2.02196574211
5703974000.0,-8.01860141754,-1.94720757008
5703974500.0,-8.02827167511,-1.98740506172
5703975000.0,-8.04613685608,-2.10531806946
5703975500.0,-8.01716136932,-2.15094923973
5703976000.0,-8.01028156281,-2.19249820709
5703976500.0,-8.0283241272,-2.26667928696
5703977000.0,-8.00775241852,-2.22918272018
5703977500.0,-8.03253936768,-2.16080713272
5703978000.0,-8.01056003571,-2.23370265961
5703978500.0,-8.02552223206,-2.31705331802
5703979000.0,-8.00588607788,-2.2670352459
5703979500.0,-8.03562736511,-2.31012916565
5703980000.0,-8.02125835419,-2.30201411247
5703980500.0,-8.01225566864,-2.42040252686
5703981000.0,-8.03142166138,-2.28771519661
5703981500.0,-8.02052116394,-2.33984255791
5703982000.0,-8.03829479218,-2.48258399963
5703982500.0,-8.02045822144,-2.4568362236
5703983000.0,-8.02902984619,-2.29889655113
5703983500.0,-8.02805709839,-2.20174789429
5703984000.0,-8.00248622894,-2.43926095963
5703984500.0,-8.02220726013,-2.46774744987
5703985000.0,-8.01658058167,-2.4272582531
5703985500.0,-8.02679157257,-2.52498412132
5703986000.0,-8.02416038513,-2.45796632767
5703986500.0,-8.01504611969,-2.53274083138
5703987000.0,-8.04672241211,-2.59628844261
5703987500.0,-8.01466941833,-2.49292182922
5703988000.0,-8.03569221497,-2.6277577877
5703988500.0,-8.02985954285,-2.60983610153
5703989000.0,-8.026263237,-2.64640831947
5703989500.0,-8.01312541962,-2.64971399307
5703990000.0,-8.03553295135,-2.58279967308
5703990500.0,-8.03318786621,-2.69751954079
5703991000.0,-8.04784870148,-2.68213438988
5703991500.0,-8.0220823288,-2.6780436039
5703992000.0,-8.03696632385,-2.72405457497
5703992500.0,-8.02839183807,-2.79271483421
5703993000.0,-8.04759025574,-2.92021870613
5703993500.0,-8.03084564209,-2.93799543381
5703994000.0,-8.05484294891,-2.81650304794
5703994500.0,-8.0531206131,-2.78508806229
5703995000.0,-8.02572250366,-2.93948984146
5703995500.0,-8.03108310699,-2.92428326607
5703996000.0,-8.04466056824,-2.8718996048
5703996500.0,-8.02252864838,-3.01848506927
5703997000.0,-8.04963588715,-2.85414266586
5703997500.0,-8.04571151733,-2.96447777748
5703998000.0,-8.03339195251,-3.00713896751
5703998500.0,-8.03977394104,-3.19330048561
5703999000.0,-8.04201602936,-3.11523294449
5703999500.0,-8.04353904724,-3.0516166687
5704000000.0,-8.05018043518,-3.15417051315
5704000500.0,-8.04048538208,-3.23693156242
5704001000.0,-8.03848838806,-3.15143966675
5704001500.0,-8.05048847198,-3.13161587715
5704002000.0,-8.05243206024,-3.1668150425
5704002500.0,-8.04225730896,-3.17203736305
5704003000.0,-8.0391960144,-3.33065032959
5704003500.0,-8.02035427094,-3.2570605278
5704004000.0,-8.05099391937,-3.27868366241
5704004500.0,-8.04172134399,-3.26545596123
5704005000.0,-8.01323318481,-3.23195004463
5704005500.0,-8.02436065674,-3.35592150688
5704006000.0,-8.0487613678,-3.427339077
5704006500.0,-8.0567779541,-3.30787229538
5704007000.0,-8.04508686066,-3.46941542625
5704007500.0,-8.04737091064,-3.57311177254
5704008000.0,-8.05181884766,-3.56654667854
5704008500.0,-8.06767463684,-3.6218483448
5704009000.0,-8.03476524353,-3.56475830078
5704009500.0,-8.03515529633,-3.55996727943
5704010000.0,-8.04850673676,-3.51091885567
5704010500.0,-8.06238460541,-3.55583238602
5704011000.0,-8.05818748474,-3.73954224586
5704011500.0,-8.04202461243,-3.78358197212
5704012000.0,-8.05844688416,-3.67905139923
5704012500.0,-8.05479240417,-3.76766133308
5704013000.0,-8.05577659607,-3.77176833153
5704013500.0,-8.04890918732,-3.835688591
5704014000.0,-8.04268264771,-3.84209418297
5704014500.0,-8.07206821442,-3.84435153008
5704015000.0,-8.05439853668,-3.81894278526
5704015500.0,-8.07194328308,-3.97310876846
5704016000.0,-8.05895233154,-4.01329851151
5704016500.0,-8.05621814728,-4.00513219833
5704017000.0,-8.05516052246,-4.06061887741
5704017500.0,-8.06439304352,-4.01959228516
5704018000.0,-8.0641040802,-4.08024787903
5704018500.0,-8.05823516846,-4.12396240234
5704019000.0,-8.05335617065,-4.26711320877
5704019500.0,-8.07152843475,-4.18368959427
5704020000.0,-8.07046222687,-4.19280958176
5704020500.0,-8.04864883423,-4.24146080017
5704021000.0,-8.06419181824,-4.40614032745
5704021500.0,-8.05893993378,-4.43215942383
5704022000.0,-8.06819534302,-4.6048283577
5704022500.0,-8.06485557556,-4.43337059021
5704023000.0,-8.07809734344,-4.45784854889
5704023500.0,-8.07106971741,-4.45254850388
5704024000.0,-8.05266952515,-4.53284025192
5704024500.0,-8.07989883423,-4.75932216644
5704025000.0,-8.08403778076,-4.64204311371
5704025500.0,-8.08298587799,-4.70344400406
5704026000.0,-8.0757226944,-4.61616039276
5704026500.0,-8.0885515213,-4.6222987175
5704027000.0,-8.0938615799,-4.79659223557
5704027500.0,-8.07421207428,-4.77507209778
5704028000.0,-8.07921218872,-4.8889131546
5704028500.0,-8.09332084656,-4.8111987114
5704029000.0,-8.07433700562,-5.01144695282
5704029500.0,-8.09879875183,-5.04002285004
5704030000.0,-8.08801460266,-4.8747959137
5704030500.0,-8.06974697113,-4.85684871674
5704031000.0,-8.09500694275,-5.11604690552
5704031500.0,-8.07712554932,-5.06713724136
5704032000.0,-8.08641147614,-5.09284925461
5704032500.0,-8.0653629303,-5.2023973465
5704033000.0,-8.10044765472,-5.28499269485
5704033500.0,-8.08001899719,-5.20463895798
5704034000.0,-8.09595966339,-5.32578897476
5704034500.0,-8.09366607666,-5.48140764236
5704035000.0,-8.10001564026,-5.53923892975
5704035500.0,-8.09177970886,-5.52254056931
5704036000.0,-8.07254314423,-5.63004302979
5704036500.0,-8.09799957275,-5.58998346329
5704037000.0,-8.10927200317,-5.74661970139
5704037500.0,-8.1109457016,-5.50926685333
5704038000.0,-8.09106349945,-5.77329921722
5704038500.0,-8.10528945923,-5.62335729599
5704039000.0,-8.1010055542,-5.74128818512
5704039500.0,-8.1077413559,-5.80423879623
5704040000.0,-8.11002731323,-5.91048192978
5704040500.0,-8.10493278503,-5.92532634735
5704041000.0,-8.11535263062,-6.01080036163
5704041500.0,-8.10765838623,-5.95321941376
5704042000.0,-8.10642814636,-5.97205543518
5704042500.0,-8.12319946289,-6.0291390419
5704043000.0,-8.09627914429,-6.14749670029
5704043500.0,-8.09208202362,-6.22902441025
5704044000.0,-8.10622596741,-6.30103969574
5704044500.0,-8.11643505096,-6.35619258881
5704045000.0,-8.11733341217,-6.40346860886
5704045500.0,-8.12034606934,-6.51901102066
5704046000.0,-8.11013793945,-6.50042963028
5704046500.0,-8.14124298096,-6.55790090561
5704047000.0,-8.13943004608,-6.71389627457
5704047500.0,-8.12432384491,-6.72182893753
5704048000.0,-8.1423740387,-6.73150873184
5704048500.0,-8.12860870361,-6.67375659943
5704049000.0,-8.13996887207,-6.93210363388
5704049500.0,-8.13233280182,-6.99343442917
5704050000.0,-8.14698791504,-7.01982355118
5704050500.0,-8.1710767746,-7.12664461136
5704051000.0,-8.16742229462,-7.18186855316
5704051500.0,-8.13902282715,-7.13846445084
5704052000.0,-8.15201091766,-7.21708774567
5704052500.0,-8.14930343628,-7.27825880051
5704053000.0,-8.13511657715,-7.44650602341
5704053500.0,-8.15160942078,-7.46710538864
5704054000.0,-8.15085315704,-7.53664064407
5704054500.0,-8.16498374939,-7.5645942688
5704055000.0,-8.16225242615,-7.71689224243
5704055500.0,-8.14801311493,-7.79081106186
5704056000.0,-8.16579723358,-7.9004406929
5704056500.0,-8.16559696198,-7.91703796387
5704057000.0,-8.18263816833,-8.08693695068
5704057500.0,-8.17534160614,-8.24765300751
5704058000.0,-8.1545419693,-8.2062959671
5704058500.0,-8.17347717285,-8.1793346405
5704059000.0,-8.16995620728,-8.25651073456
5704059500.0,-8.17871189117,-8.3844127655
5704060000.0,-8.17930698395,-8.44747447968
5704060500.0,-8.20243167877,-8.57746505737
5704061000.0,-8.21716976166,-8.53361129761
5704061500.0,-8.18692111969,-8.77993679047
5704062000.0,-8.21546936035,-8.84372615814
5704062500.0,-8.2019329071,-8.94016838074
5704063000.0,-8.20933437347,-8.9237537384
5704063500.0,-8.19376850128,-9.02123165131
5704064000.0,-8.22926235199,-9.05328369141
5704064500.0,-8.21566295624,-9.23226642609
5704065000.0,-8.22299098969,-9.3351650238
5704065500.0,-8.22279071808,-9.41114139557
5704066000.0,-8.22801399231,-9.42767047882
5704066500.0,-8.2298078537,-9.76031303406
5704067000.0,-8.24750995636,-9.68504333496
5704067500.0,-8.24546909332,-9.93179798126
5704068000.0,-8.23707389832,-9.9799747467
5704068500.0,-8.25640296936,-9.97596645355
5704069000.0,-8.24737548828,-10.3166313171
5704069500.0,-8.26504516602,-10.2253990173
5704070000.0,-8.27277088165,-10.5025863647
5704070500.0,-8.28122806549,-10.5502433777
5704071000.0,-8.26797676086,-10.620223999
5704071500.0,-8.26465988159,-10.8312387466
5704072000.0,-8.29350185394,-10.9130353928
5704072500.0,-8.30313873291,-10.9686555862
5704073000.0,-8.30391025543,-11.1355161667
5704073500.0,-8.31214427948,-11.1905431747
5704074000.0,-8.3093662262,-11.2625360489
5704074500.0,-8.31841564178,-11.4881410599
5704075000.0,-8.30953788757,-11.5518293381
5704075500.0,-8.34571456909,-11.7326040268
5704076000.0,-8.34931468964,-11.7942466736
5704076500.0,-8.34032058716,-11.9806718826
5704077000.0,-8.34191894531,-12.2897920609
5704077500.0,-8.34828281403,-12.3688001633
5704078000.0,-8.36484241486,-12.4981250763
5704078500.0,-8.38423061371,-12.6460323334
5704079000.0,-8.37596321106,-12.8466100693
5704079500.0,-8.38261890411,-13.0105428696
5704080000.0,-8.40991210938,-13.1302680969
5704080500.0,-8.39720630646,-13.1887235641
5704081000.0,-8.42062664032,-13.5030603409
5704081500.0,-8.42926216125,-13.6050186157
5704082000.0,-8.44006633759,-13.7586565018
5704082500.0,-8.42855644226,-14.0034313202
5704083000.0,-8.44591808319,-14.0343132019
5704083500.0,-8.46702289581,-14.2895708084
5704084000.0,-8.47407817841,-14.6432714462
5704084500.0,-8.4983549118,-14.6531143188
5704085000.0,-8.49051570892,-14.8829040527
5704085500.0,-8.48754405975,-15.1795625687
5704086000.0,-8.49785804749,-15.2418527603
5704086500.0,-8.52833271027,-15.5276021957
5704087000.0,-8.54576587677,-15.7496652603
5704087500.0,-8.55333328247,-15.8839073181
5704088000.0,-8.58224582672,-16.2114906311
5704088500.0,-8.58815574646,-16.3982505798
5704089000.0,-8.56904983521,-16.5526256561
5704089500.0,-8.6057100296,-16.7261562347
5704090000.0,-8.62177371979,-17.2242851257
5704090500.0,-8.65372276306,-17.4941768646
5704091000.0,-8.63873195648,-17.7268218994
5704091500.0,-8.6767950058,-17.9384117126
5704092000.0,-8.71184253693,-18.0791244507
5704092500.0,-8.71381473541,-18.4666805267
5704093000.0,-8.73869991302,-18.8246269226
5704093500.0,-8.76939487457,-19.1079082489
5704094000.0,-8.7710313797,-19.2343654633
5704094500.0,-8.79964733124,-19.5979709625
5704095000.0,-8.81249332428,-19.8083286285
5704095500.0,-8.83555316925,-20.2463855743
5704096000.0,-8.87398529053,-20.5391178131
5704096500.0,-8.90948963165,-20.8227710724
5704097000.0,-8.91799736023,-21.276222229
5704097500.0,-8.95165348053,-21.6458930969
5704098000.0,-8.98622989655,-21.950756073
5704098500.0,-9.02515602112,-22.4774742126
5704099000.0,-9.06592082977,-22.7305583954
5704099500.0,-9.12851238251,-23.1940097809
5704100000.0,-9.11363601685,-23.6595497131
5704100500.0,-9.16734790802,-24.0772514343
5704101000.0,-9.22232341766,-24.3804550171
5704101500.0,-9.26665973663,-24.9770126343
5704102000.0,-9.30707836151,-25.2685947418
5704102500.0,-9.36873817444,-25.7411785126
5704103000.0,-9.39031410217,-26.3883399963
5704103500.0,-9.42978572845,-26.7741756439
5704104000.0,-9.51597499847,-27.2741584778
5704104500.0,-9.57931995392,-27.9219741821
5704105000.0,-9.6282081604,-28.5314006805
5704105500.0,-9.70268344879,-29.0882968903
5704106000.0,-9.7728729248,-29.5960025787
5704106500.0,-9.83986473083,-30.2321720123
5704107000.0,-9.89713191986,-30.7440910339
5704107500.0,-9.98687076569,-31.4724121094
5704108000.0,-10.0541210175,-31.9515914917
5704108500.0,-10.1719512939,-32.8689689636
5704109000.0,-10.2977523804,-33.6349563599
5704109500.0,-10.3729686737,-34.3271942139
5704110000.0,-10.5156593323,-35.1560745239
5704110500.0,-10.6185855865,-35.8952331543
5704111000.0,-10.7386693954,-36.709148407
5704111500.0,-10.9145898819,-37.2910194397
5704112000.0,-11.0232591629,-38.4075889587
5704112500.0,-11.1889476776,-39.3288497925
5704113000.0,-11.360619545,-40.2505187988
5704113500.0,-11.5456848145,-41.3485679626
5704114000.0,-11.7505207062,-42.1383628845
5704114500.0,-11.9862575531,-43.1133232117
5704115000.0,-12.2053060532,-44.1579284668
5704115500.0,-12.4133749008,-45.4415893555
5704116000.0,-12.7424516678,-46.4662055969
5704116500.0,-13.0634555817,-47.4561920166
5704117000.0,-13.352060318,-48.374130249
5704117500.0,-13.7005338669,-49.5667648315
5704118000.0,-14.0584115982,-50.9447593689
5704118500.0,-14.4998645782,-51.661315918
5704119000.0,-14.9463500977,-53.1835823059
5704119500.0,-15.5076942444,-54.3177528381
5704120000.0,-16.0636062622,-55.1149215698
5704120500.0,-16.6828861237,-56.0974769592
5704121000.0,-17.3443622589,-56.9870223999
5704121500.0,-18.1749649048,-57.7096061707
5704122000.0,-19.048406601,-58.189414978
5704122500.0,-19.9689826965,-57.8512992859
5704123000.0,-21.1929225922,-58.3107643127
5704123500.0,-22.4195327759,-57.0606422424
5704124000.0,-24.0013980865,-55.3571891785
5704124500.0,-25.6386680603,-50.0909690857
5704125000.0,-28.1394748688,-40.229019165
5704125500.0,-30.3344955444,-27.3658351898
5704126000.0,-31.7552909851,-1.50337231159
5704126500.0,-31.233499527,26.4208545685
5704127000.0,-28.6379947662,45.5104598999
5704127500.0,-26.3626556396,53.9947166443
5704128000.0,-24.4793109894,59.6599960327
5704128500.0,-22.6542854309,62.050327301
5704129000.0,-21.4197902679,63.5923614502
5704129500.0,-20.1923103333,64.3001480103
5704130000.0,-19.2791652679,64.1453704834
5704130500.0,-18.276227951,63.5272331238
5704131000.0,-17.4287719727,62.9697151184
5704131500.0,-16.7960147858,62.3378677368
5704132000.0,-16.1861782074,61.1954154968
5704132500.0,-15.6203050613,59.7721176147
5704133000.0,-15.0676994324,58.9521751404
5704133500.0,-14.5597991943,57.9440116882
5704134000.0,-14.1240253448,56.8467521667
5704134500.0,-13.7442827225,55.7009124756
5704135000.0,-13.3976736069,54.7520675659
5704135500.0,-13.0890312195,53.3300933838
5704136000.0,-12.8018293381,52.2124061584
5704136500.0,-12.4941387177,50.9677696228
5704137000.0,-12.2619771957,50.1832580566
5704137500.0,-12.0329704285,49.1982765198
5704138000.0,-11.7917776108,47.9876861572
5704138500.0,-11.5967903137,47.0797386169
5704139000.0,-11.4008769989,46.1747817993
5704139500.0,-11.2364597321,45.2812728882
5704140000.0,-11.0632591248,44.5518989563
5704140500.0,-10.9296226501,43.4144363403
5704141000.0,-10.7655305862,42.7096939087
5704141500.0,-10.631893158,41.7603187561
5704142000.0,-10.5219764709,40.8058815002
5704142500.0,-10.403427124,40.4638023376
5704143000.0,-10.2880630493,39.3561286926
5704143500.0,-10.1948156357,38.6675186157
5704144000.0,-10.0831880569,37.9518280029
5704144500.0,-10.0141592026,37.4043235779
5704145000.0,-9.9103717804,36.6885757446
5704145500.0,-9.8581829071,35.7457809448
5704146000.0,-9.76574516296,35.3390846252
5704146500.0,-9.73539829254,34.7625312805
5704147000.0,-9.65102958679,34.2488899231
5704147500.0,-9.58656692505,33.456653595
5704148000.0,-9.4857673645,33.0142059326
5704148500.0,-9.47678756714,32.6507225037
5704149000.0,-9.39496707916,31.9400920868
5704149500.0,-9.34819793701,31.5799598694
5704150000.0,-9.31746387482,30.9296989441
5704150500.0,-9.23603057861,30.4164924622
5704151000.0,-9.20489025116,30.0702972412
5704151500.0,-9.1962556839,29.5623760223
5704152000.0,-9.1360912323,29.3532543182
5704152500.0,-9.09977722168,28.9461402893
5704153000.0,-9.06666564941,28.4144439697
5704153500.0,-9.02767658234,28.195356369
5704154000.0,-9.00909519196,27.690076828
5704154500.0,-8.97508049011,27.2631244659
5704155000.0,-8.93976593018,27.1265106201
5704155500.0,-8.89371681213,26.6772289276
5704156000.0,-8.8959646225,26.2203502655
5704156500.0,-8.85737609863,25.9243774414
5704157000.0,-8.81108474731,25.6097793579
5704157500.0,-8.82248878479,25.2186832428
5704158000.0,-8.79350280762,25.0751934052
5704158500.0,-8.76893424988,24.727186203
5704159000.0,-8.7112197876,24.5296859741
5704159500.0,-8.71137332916,24.0424423218
5704160000.0,-8.71032905579,23.9184207916
5704160500.0,-8.66218852997,23.4740123749
5704161000.0,-8.67068767548,23.1700897217
5704161500.0,-8.65647125244,23.1331233978
5704162000.0,-8.61297893524,22.8640117645
5704162500.0,-8.6069355011,22.516330719
5704163000.0,-8.59774875641,22.2500286102
5704163500.0,-8.59412002563,21.9977893829
5704164000.0,-8.58859634399,21.7184352875
5704164500.0,-8.54469108582,21.5325603485
5704165000.0,-8.54604816437,21.2527732849
5704165500.0,-8.51812076569,21.1280555725
5704166000.0,-8.5235376358,20.9767208099
5704166500.0,-8.49672222137,20.700750351
5704167000.0,-8.50768947601,20.4526977539
5704167500.0,-8.46946811676,20.3355350494
5704168000.0,-8.47398471832,19.9674568176
5704168500.0,-8.45165348053,19.9356803894
5704169000.0,-8.45809364319,19.7353172302
5704169500.0,-8.45187473297,19.653886795
5704170000.0,-8.42682170868,19.3619594574
5704170500.0,-8.41753768921,19.279920578
5704171000.0,-8.41131687164,19.0580635071
5704171500.0,-8.41466236115,18.8411216736
5704172000.0,-8.41551494598,18.787815094
5704172500.0,-8.3925447464,18.6440658569
5704173000.0,-8.36952972412,18.3593559265
5704173500.0,-8.37599182129,18.0485038757
5704174000.0,-8.35778331757,18.0290126801
5704174500.0,-8.35594272614,17.8895378113
5704175000.0,-8.35535049438,17.9793281555
5704175500.0,-8.32026100159,17.6770153046
5704176000.0,-8.34678840637,17.3890151978
5704176500.0,-8.31242275238,17.4109859467
5704177000.0,-8.31225013733,17.1764564514
5704177500.0,-8.31761646271,17.2081127167
5704178000.0,-8.32732105255,16.8514041901
5704178500.0,-8.28959751129,16.7310829163
5704179000.0,-8.29747867584,16.6861839294
5704179500.0,-8.28189754486,16.5508346558
5704180000.0,-8.29616069794,16.3166561127
5704180500.0,-8.27749347687,16.3883781433
5704181000.0,-8.26152896881,16.2540893555
5704181500.0,-8.26566028595,15.9513807297
5704182000.0,-8.29019165039,15.8034391403
5704182500.0,-8.28035545349,15.7943134308
5704183000.0,-8.26810073853,15.7036056519
5704183500.0,-8.24370861053,15.6029663086
5704184000.0,-8.22448539734,15.6764163971
5704184500.0,-8.25263500214,15.4527425766
5704185000.0,-8.23936080933,15.4393215179
5704185500.0,-8.26309871674,15.1100006104
5704186000.0,-8.22895526886,15.1912593842
5704186500.0,-8.23275089264,14.9305114746
5704187000.0,-8.23616218567,14.9079504013
5704187500.0,-8.20842552185,14.8949623108
5704188000.0,-8.21133708954,14.8083934784
5704188500.0,-8.22025966644,14.6165246964
5704189000.0,-8.19093704224,14.5187349319
5704189500.0,-8.18640899658,14.5167818069
5704190000.0,-8.19377994537,14.3200159073
5704190500.0,-8.19004631042,14.3026180267
5704191000.0,-8.18942260742,14.1526269913
5704191500.0,-8.19249248505,14.1646718979
5704192000.0,-8.1825094223,13.9097137451
5704192500.0,-8.18610954285,13.897321701
5704193000.0,-8.19232082367,13.8159761429
5704193500.0,-8.17587471008,13.6650104523
5704194000.0,-8.19019794464,13.6619873047
5704194500.0,-8.19267654419,13.6338577271
5704195000.0,-8.16122341156,13.6225118637
5704195500.0,-8.16466522217,13.4796438217
5704196000.0,-8.15159511566,13.4040908813
5704196500.0,-8.15551185608,13.3706445694
5704197000.0,-8.16790676117,13.1678514481
5704197500.0,-8.17038726807,13.1924982071
5704198000.0,-8.1517162323,13.082777977
5704198500.0,-8.13380241394,13.0265226364
5704199000.0,-8.16453838348,12.8642911911
5704199500.0,-8.14675807953,12.9432640076
5704200000.0,-8.15589427948,12.7586336136
5704200500.0,-8.13115596771,12.6758098602
5704201000.0,-8.14343452454,12.7308588028
5704201500.0,-8.1604757309,12.5498952866
5704202000.0,-8.12848758698,12.5922822952
5704202500.0,-8.12384223938,12.3427886963
5704203000.0,-8.13052558899,12.3932619095
5704203500.0,-8.14898109436,12.3354921341
5704204000.0,-8.11742210388,12.4143104553
5704204500.0,-8.12421512604,12.246427536
5704205000.0,-8.13262748718,12.1986083984
5704205500.0,-8.13456726074,12.1584653854
5704206000.0,-8.13080692291,12.0307798386
5704206500.0,-8.10839557648,11.9831771851
5704207000.0,-8.13416957855,11.8786201477
5704207500.0,-8.1254901886,11.8747243881
5704208000.0,-8.12515258789,11.779756546
5704208500.0,-8.10566425323,11.7965717316
5704209000.0,-8.10068416595,11.7706604004
5704209500.0,-8.09902000427,11.7514209747
5704210000.0,-8.09298324585,11.7202720642
5704210500.0,-8.12400817871,11.5799722672
5704211000.0,-8.11817359924,11.4980125427
5704211500.0,-8.08318996429,11.4998235703
5704212000.0,-8.09765720367,11.3702001572
5704212500.0,-8.11895561218,11.3941354752
5704213000.0,-8.11919212341,11.3311653137
5704213500.0,-8.0904750824,11.2828388214
5704214000.0,-8.09285736084,11.168170929
5704214500.0,-8.11308956146,11.2042093277
5704215000.0,-8.1026391983,11.18171978
5704215500.0,-8.10111141205,11.1209630966
5704216000.0,-8.09931468964,11.0301685333
5704216500.0,-8.09315013885,11.0247001648
5704217000.0,-8.11372566223,10.8881397247
5704217500.0,-8.07379436493,10.7675676346
5704218000.0,-8.0998916626,10.8247976303
5704218500.0,-8.08339118958,10.781334877
5704219000.0,-8.07440185547,10.7892799377
5704219500.0,-8.0728931427,10.6258182526
5704220000.0,-8.05643844604,10.6261177063
5704220500.0,-8.09055900574,10.6425113678
5704221000.0,-8.08624076843,10.6721658707
5704221500.0,-8.07399654388,10.5196294785
5704222000.0,-8.07381725311,10.5336408615
5704222500.0,-8.09146213531,10.5395860672
5704223000.0,-8.07058429718,10.4420938492
5704223500.0,-8.06683635712,10.4356279373
5704224000.0,-8.0730714798,10.1899766922
5704224500.0,-8.07609176636,10.4256401062
5704225000.0,-8.06277370453,10.2911663055
5704225500.0,-8.0666475296,10.3396205902
5704226000.0,-8.08502864838,10.2818946838
5704226500.0,-8.07115364075,10.2581596375
5704227000.0,-8.04893302917,10.2739362717
5704227500.0,-8.03033447266,10.1609277725
5704228000.0,-8.06761932373,9.99084186554
5704228500.0,-8.08024024963,9.95525932312
5704229000.0,-8.06655311584,9.9955663681
5704229500.0,-8.06199264526,9.97105503082
5704230000.0,-8.07101154327,9.80021286011
5704230500.0,-8.06518173218,9.83285999298
5704231000.0,-8.05270290375,9.80752372742
5704231500.0,-8.07324981689,9.83175182343
5704232000.0,-8.05189609528,9.80510807037
5704232500.0,-8.05773067474,9.76031494141
5704233000.0,-8.06152629852,9.64412498474
5704233500.0,-8.06999492645,9.69052791595
5704234000.0,-8.0654668808,9.62208461761
5704234500.0,-8.06137943268,9.62530231476
5704235000.0,-8.06052207947,9.48279476166
5704235500.0,-8.05993366241,9.45955467224
5704236000.0,-8.05568790436,9.52377891541
5704236500.0,-8.04516029358,9.49594306946
5704237000.0,-8.03437137604,9.50910282135
5704237500.0,-8.04563617706,9.50586795807
5704238000.0,-8.05493068695,9.39999866486
5704238500.0,-8.04699707031,9.26894283295
5704239000.0,-8.06320095062,9.27725601196
5704239500.0,-8.04681777954,9.24182796478
5704240000.0,-8.04301166534,9.09243202209
5704240500.0,-8.04681968689,9.18599414825
5704241000.0,-8.06046962738,9.41715145111
5704241500.0,-8.06080627441,9.16868400574
5704242000.0,-8.03551483154,9.08305644989
5704242500.0,-8.0394411087,9.09480762482
5704243000.0,-8.05880832672,9.21568012238
5704243500.0,-8.0504732132,8.97890377045
5704244000.0,-8.03822422028,9.05253791809
5704244500.0,-8.050532341,9.06048202515
5704245000.0,-8.05159568787,8.91062068939
5704245500.0,-8.04706001282,8.87192058563
5704246000.0,-8.0439491272,9.02993869781
5704246500.0,-8.0498046875,8.8054189682
5704247000.0,-8.02714538574,8.816198349
5704247500.0,-8.05583381653,8.81963157654
5704248000.0,-8.04212379456,8.83470821381
5704248500.0,-8.02886581421,8.90067195892
5704249000.0,-8.0448179245,8.8795671463
5704249500.0,-8.04999732971,8.70433330536
5704250000.0,-8.05637168884,8.66356372833
5704250500.0,-8.03659343719,8.64381885529
5704251000.0,-8.02651977539,8.78946876526
5704251500.0,-8.03948879242,8.72071838379
5704252000.0,-8.04077243805,8.67918300629
5704252500.0,-8.07143306732,8.48946666718
5704253000.0,-8.02282142639,8.54041099548
5704253500.0,-8.04620742798,8.62777805328
5704254000.0,-8.02314662933,8.46710014343
5704254500.0,-8.07185459137,8.56456375122
5704255000.0,-8.0354642868,8.35757923126
5704255500.0,-8.02431201935,8.52281951904
5704256000.0,-8.05703830719,8.39953708649
5704256500.0,-8.05191707611,8.43752002716
5704257000.0,-8.03818035126,8.50073623657
5704257500.0,-8.03718948364,8.33815574646
5704258000.0,-8.02401924133,8.37071323395
5704258500.0,-8.03832912445,8.27417469025
5704259000.0,-8.02711486816,8.2820520401
5704259500.0,-8.02039051056,8.28695201874
5704260000.0,-8.0198507309,8.26130104065
5704260500.0,-8.03608608246,8.1812210083
5704261000.0,-8.02471065521,8.25878334045
5704261500.0,-8.03648376465,8.12540245056
5704262000.0,-8.02012062073,8.21154975891
5704262500.0,-8.02621746063,8.15988540649
5704263000.0,-8.02546691895,8.10052394867
5704263500.0,-8.01556968689,8.15306854248
5704264000.0,-8.0305814743,8.04934215546
5704264500.0,-8.0265750885,8.06507968903
5704265000.0,-8.04431247711,7.93011522293
5704265500.0,-8.02241230011,8.08020114899
5704266000.0,-8.03794288635,7.94537305832
5704266500.0,-8.03125286102,7.91162919998
5704267000.0,-8.01658153534,7.9966506958
5704267500.0,-8.02493476868,7.95936727524
5704268000.0,-8.0354347229,8.01521492004
5704268500.0,-8.0240650177,7.79514789581
5704269000.0,-8.0408706665,7.8434920311
5704269500.0,-8.0310754776,7.95258712769
5704270000.0,-8.01498603821,7.72062730789
5704270500.0,-8.03020000458,7.85383367538
5704271000.0,-8.03801345825,7.77330493927
5704271500.0,-8.02070713043,7.90638446808
5704272000.0,-8.02258014679,7.82313632965
5704272500.0,-8.01092624664,7.71581029892
5704273000.0,-8.03539085388,7.75255823135
5704273500.0,-8.02948284149,7.71616268158
5704274000.0,-8.03017234802,7.73370361328
5704274500.0,-7.99919557571,7.71354341507
5704275000.0,-8.02163124084,7.65777778625
5704275500.0,-8.04512023926,7.69893884659
5704276000.0,-8.00415229797,7.63969039917
5704276500.0,-8.02174758911,7.66693353653
5704277000.0,-8.03733634949,7.60924053192
5704277500.0,-8.00294113159,7.54710197449
5704278000.0,-8.02745342255,7.64935016632
5704278500.0,-8.02679538727,7.5303144455
5704279000.0,-8.02212905884,7.5727648735
5704279500.0,-8.03629207611,7.47041702271
5704280000.0,-8.00414848328,7.48433923721
5704280500.0,-8.02304363251,7.68246793747
5704281000.0,-8.03649330139,7.4860496521
5704281500.0,-8.01263904572,7.57797861099
5704282000.0,-8.00580596924,7.43457794189
5704282500.0,-8.03945159912,7.38810443878
5704283000.0,-8.01293087006,7.41535949707
5704283500.0,-8.02240276337,7.44213485718
5704284000.0,-8.01565361023,7.29377555847
5704284500.0,-8.03390216827,7.34663534164
5704285000.0,-8.00570297241,7.44360780716
5704285500.0,-8.02967071533,7.36532354355
5704286000.0,-8.02358436584,7.21810054779
5704286500.0,-8.00692176819,7.40514659882
5704287000.0,-8.0132226944,7.2918510437
5704287500.0,-8.01165962219,7.25292682648
5704288000.0,-8.0238494873,7.19183397293
5704288500.0,-8.04169082642,7.33137226105
5704289000.0,-8.02779960632,7.27117347717
5704289500.0,-8.00204086304,7.20259857178
5704290000.0,-7.99561023712,7.22167015076
5704290500.0,-7.99963092804,7.20612812042
5704291000.0,-8.01969051361,7.18655920029
5704291500.0,-8.02581119537,7.13632154465
5704292000.0,-8.02705764771,7.22621965408
5704292500.0,-8.00457763672,7.07856893539
5704293000.0,-8.00977897644,7.14353370667
5704293500.0,-8.00234603882,6.9441204071
5704294000.0,-8.0037689209,7.13975381851
5704294500.0,-8.03787612915,7.0025267601
5704295000.0,-8.0279340744,7.08112382889
5704295500.0,-8.02027702332,6.9762301445
5704296000.0,-7.99781036377,6.98241519928
5704296500.0,-8.02585792542,7.00540161133
5704297000.0,-7.99386882782,6.86083936691
5704297500.0,-8.00718688965,7.06067943573
5704298000.0,-8.01261997223,7.07982492447
5704298500.0,-8.0229139328,6.99577379227
5704299000.0,-8.02044391632,6.93999814987
5704299500.0,-8.02341270447,6.92879581451
5704300000.0,-8.01244068146,6.88901376724
5704300500.0,-8.02091503143,6.89256429672
5704301000.0,-8.01599884033,6.77601146698
5704301500.0,-8.00603961945,6.95610189438
5704302000.0,-7.99885940552,6.88235187531
5704302500.0,-8.01827716827,6.93559789658
5704303000.0,-8.01122570038,6.86422300339
5704303500.0,-8.00075912476,6.85270500183
5704304000.0,-8.01375293732,6.72521877289
5704304500.0,-7.99610757828,6.7919216156
5704305000.0,-8.00699996948,6.810110569
5704305500.0,-8.00362873077,6.89291000366
5704306000.0,-7.99705982208,6.93802833557
5704306500.0,-8.00050258636,6.85434007645
5704307000.0,-8.02310276031,6.7832903862
5704307500.0,-8.02156352997,6.90784788132
5704308000.0,-8.00343322754,6.81861448288
5704308500.0,-8.00693416595,6.73490285873
5704309000.0,-8.01367759705,6.80052232742
5704309500.0,-7.99039936066,6.63724708557
5704310000.0,-7.9934630394,6.74947738647
5704310500.0,-8.0105676651,6.69008255005
5704311000.0,-8.00102996826,6.61536550522
5704311500.0,-8.01119422913,6.65134048462
5704312000.0,-7.99043464661,6.78062534332
5704312500.0,-8.02188491821,6.68787240982
5704313000.0,-8.00408363342,6.69664001465
5704313500.0,-8.00796318054,6.52851295471
5704314000.0,-8.00479507446,6.58310413361
5704314500.0,-7.9917883873,6.59061288834
5704315000.0,-8.01755046844,6.54680919647
5704315500.0,-7.99088430405,6.63382387161
5704316000.0,-7.99563789368,6.66395425797
5704316500.0,-8.00201320648,6.48433637619
5704317000.0,-8.00340175629,6.61520195007
5704317500.0,-8.00920200348,6.46196508408
5704318000.0,-7.99539232254,6.51874780655
5704318500.0,-8.00097560883,6.51253271103
5704319000.0,-7.98838043213,6.45582437515
5704319500.0,-7.98690795898,6.51223754883
5704320000.0,-8.00816822052,6.65390825272
5704320500.0,-7.99345636368,6.40452814102
5704321000.0,-8.00588035583,6.3502664566
5704321500.0,-7.99953365326,6.24747562408
5704322000.0,-7.99949789047,6.4182062149
5704322500.0,-7.9986076355,6.40163660049
5704323000.0,-8.00686264038,6.3469080925
5704323500.0,-8.02223205566,6.37219047546
5704324000.0,-8.00341129303,6.30628442764
5704324500.0,-8.01172637939,6.27262592316
5704325000.0,-8.00002193451,6.39141654968
5704325500.0,-8.00860595703,6.17046403885
5704326000.0,-8.00398159027,6.44537591934
5704326500.0,-8.00416374207,6.40157413483
5704327000.0,-8.00970077515,6.28562402725
5704327500.0,-8.01661777496,6.31787252426
5704328000.0,-8.0282497406,6.17152404785
5704328500.0,-7.97787046432,6.25407266617
5704329000.0,-8.00290679932,6.45064735413
5704329500.0,-8.00888156891,6.29506111145
5704330000.0,-8.00046443939,6.22986555099
5704330500.0,-7.99725914001,6.35166692734
5704331000.0,-8.01484489441,6.29054737091
5704331500.0,-8.01442050934,6.09161663055
5704332000.0,-7.99451875687,6.16567897797
5704332500.0,-8.00436687469,6.24322605133
5704333000.0,-7.9976682663,6.28707504272
5704333500.0,-8.00803279877,6.17829465866
5704334000.0,-7.99511575699,6.19145154953
5704334500.0,-7.99054527283,6.22316884995
5704335000.0,-7.99008655548,6.12871742249
5704335500.0,-8.00420665741,6.17346143723
5704336000.0,-8.00572872162,6.11262226105
5704336500.0,-8.00801753998,6.1178650856
5704337000.0,-8.00695610046,6.08299160004
5704337500.0,-7.99407911301,6.03192186356
5704338000.0,-7.98971414566,6.03363180161
5704338500.0,-7.99444532394,6.09023952484
5704339000.0,-8.0168466568,6.03435325623
5704339500.0,-8.0051651001,6.12191057205
5704340000.0,-7.9999294281,6.0290760994
5704340500.0,-7.99212551117,6.11676216125
5704341000.0,-7.99257850647,6.11790370941
5704341500.0,-7.99392747879,5.99421262741
5704342000.0,-8.00106143951,6.19701147079
5704342500.0,-8.00679111481,6.09776115417
5704343000.0,-8.00077915192,6.10573816299
5704343500.0,-7.98213148117,5.84822225571
5704344000.0,-8.01770877838,6.01511049271
5704344500.0,-7.99789953232,6.04927206039
5704345000.0,-8.00337409973,6.08275318146
5704345500.0,-8.01968860626,5.94673585892
5704346000.0,-7.99579620361,6.00496006012
5704346500.0,-8.00337791443,5.84386444092
5704347000.0,-8.00439167023,5.98458433151
5704347500.0,-8.01295375824,5.96463537216
5704348000.0,-8.01197719574,5.8574514389
5704348500.0,-8.01399993896,5.90330123901
5704349000.0,-7.99748706818,5.8429813385
5704349500.0,-7.99870824814,5.96081256866
5704350000.0,-8.0193529129,6.00892305374
5704350500.0,-8.00859069824,6.03830623627
5704351000.0,-7.9808716774,5.73788833618
5704351500.0,-8.0101480484,5.92866325378
5704352000.0,-8.00073432922,5.82540607452
5704352500.0,-7.98815441132,5.97006607056
5704353000.0,-7.99080276489,5.96934223175
5704353500.0,-8.00407981873,5.78935337067
5704354000.0,-8.00252628326,5.88548517227
5704354500.0,-7.99688768387,5.9187374115
5704355000.0,-8.01409721375,5.77738571167
5704355500.0,-7.9760761261,5.88258600235
5704356000.0,-7.99892950058,5.84000205994
5704356500.0,-7.99942111969,5.860932827
5704357000.0,-8.00666236877,5.82370138168
5704357500.0,-7.98896551132,5.75841283798
5704358000.0,-7.97550916672,5.7803106308
5704358500.0,-8.02704238892,5.78479719162
5704359000.0,-7.98705482483,5.77071428299
5704359500.0,-7.98894309998,5.76192617416
5704360000.0,-7.99469327927,5.75398445129
5704360500.0,-7.99971866608,5.70964479446
5704361000.0,-7.98391866684,5.81494569778
5704361500.0,-7.99291610718,5.70680904388
5704362000.0,-7.99525547028,5.69915819168
5704362500.0,-8.01180171967,5.83820199966
5704363000.0,-8.00474357605,5.60221815109
5704363500.0,-7.99814987183,5.67674303055
5704364000.0,-7.99018669128,5.8273062706
5704364500.0,-7.97930192947,5.54963493347
5704365000.0,-7.99641513824,5.59462451935
5704365500.0,-7.99713897705,5.66227293015
5704366000.0,-7.99872398376,5.57871866226
5704366500.0,-8.0049238205,5.66643476486
5704367000.0,-7.98335266113,5.62812852859
5704367500.0,-7.99870157242,5.71923112869
5704368000.0,-7.99072170258,5.73791885376
5704368500.0,-7.99976110458,5.69962310791
5704369000.0,-7.98911857605,5.56043434143
5704369500.0,-7.96414470673,5.58429670334
5704370000.0,-7.98440504074,5.63390207291
5704370500.0,-8.00112247467,5.4927983284
5704371000.0,-7.98833084106,5.56964635849
5704371500.0,-7.99604654312,5.5930981636
5704372000.0,-8.01693916321,5.52394485474
5704372500.0,-8.00218296051,5.58687257767
5704373000.0,-8.00014591217,5.50497293472
5704373500.0,-7.99687051773,5.58816814423
5704374000.0,-7.99290990829,5.59998846054
5704374500.0,-7.98214101791,5.59134197235
5704375000.0,-7.98999738693,5.61143064499
5704375500.0,-7.99858999252,5.55881214142
5704376000.0,-8.00395679474,5.72541952133
5704376500.0,-7.99606227875,5.56830501556
5704377000.0,-8.00546836853,5.367872715
5704377500.0,-7.97922945023,5.38779115677
5704378000.0,-7.98724269867,5.49648141861
5704378500.0,-7.99135732651,5.54448652267
5704379000.0,-7.99017286301,5.42760515213
5704379500.0,-8.01189422607,5.46913862228
5704380000.0,-7.97672557831,5.48289299011
