7298670000.0,-11.9658785,-5.334844
7298695000.0,-11.962542,-5.3047533
7298720000.0,-11.962745,-5.32941
7298745000.0,-11.964114,-5.3498864
7298770000.0,-11.965287,-5.313844
7298795000.0,-11.9714775,-5.3474298
7298820000.0,-11.968793,-5.3486705
7298845000.0,-11.973035,-5.338271
7298870000.0,-11.972753,-5.3300223
7298895000.0,-11.975396,-5.364354
7298920000.0,-11.973501,-5.364459
7298945000.0,-11.978588,-5.371385
7298970000.0,-11.976088,-5.3862443
7298995000.0,-11.98145,-5.39426
7299020000.0,-11.978377,-5.4044795
7299045000.0,-11.974399,-5.4072833
7299070000.0,-11.979155,-5.409114
7299095000.0,-11.980122,-5.4199476
7299120000.0,-11.979951,-5.4268274
7299145000.0,-11.985251,-5.425297
7299170000.0,-11.98605,-5.4369583
7299195000.0,-11.98458,-5.41975
7299220000.0,-11.98352,-5.4377685
7299245000.0,-11.987217,-5.4486837
7299270000.0,-11.982842,-5.4542484
7299295000.0,-11.988752,-5.4502387
7299320000.0,-11.989557,-5.4774427
7299345000.0,-11.992416,-5.472918
7299370000.0,-11.990544,-5.476907
7299395000.0,-11.990493,-5.477977
7299420000.0,-11.993555,-5.5127726
7299445000.0,-11.990186,-5.5214553
7299470000.0,-11.999171,-5.4994993
7299495000.0,-11.997925,-5.5522294
7299520000.0,-12.00047,-5.507916
7299545000.0,-12.000638,-5.5202518
7299570000.0,-11.995163,-5.522809
7299595000.0,-12.005827,-5.5471654
7299620000.0,-12.000737,-5.562246
7299645000.0,-11.998491,-5.5470185
7299670000.0,-12.005028,-5.5267
7299695000.0,-12.001691,-5.5581636
7299720000.0,-12.006077,-5.5797353
7299745000.0,-12.00587,-5.6060495
7299770000.0,-12.007131,-5.57035
7299795000.0,-12.003332,-5.595002
7299820000.0,-12.009317,-5.6105824
7299845000.0,-12.008792,-5.6143227
7299870000.0,-12.006367,-5.599573
7299895000.0,-12.008936,-5.576711
7299920000.0,-12.007888,-5.635742
7299945000.0,-12.0110655,-5.618913
7299970000.0,-12.015319,-5.611613
7299995000.0,-12.010888,-5.6169024
7300020000.0,-12.010849,-5.6398697
7300045000.0,-12.010706,-5.657811
7300070000.0,-12.017865,-5.656839
7300095000.0,-12.017232,-5.6841807
7300120000.0,-12.015435,-5.6629825
7300145000.0,-12.02086,-5.6630754
7300170000.0,-12.020007,-5.704127
7300195000.0,-12.020386,-5.695141
7300220000.0,-12.020564,-5.695089
7300245000.0,-12.023642,-5.7242475
7300270000.0,-12.0245495,-5.7082906
7300295000.0,-12.028437,-5.719149
7300320000.0,-12.026019,-5.7080956
7300345000.0,-12.028916,-5.723152
7300370000.0,-12.028566,-5.7090497
7300395000.0,-12.027593,-5.735162
7300420000.0,-12.028159,-5.729475
7300445000.0,-12.030106,-5.7647676
7300470000.0,-12.032179,-5.7643876
7300495000.0,-12.031306,-5.7503886
7300520000.0,-12.032762,-5.7857304
7300545000.0,-12.03324,-5.8057804
7300570000.0,-12.035004,-5.8008084
7300595000.0,-12.040971,-5.8084426
7300620000.0,-12.03691,-5.822285
7300645000.0,-12.033295,-5.807493
7300670000.0,-12.041037,-5.7877216
7300695000.0,-12.037188,-5.822175
7300720000.0,-12.044441,-5.8220835
7300745000.0,-12.044098,-5.878784
7300770000.0,-12.042442,-5.88339
7300795000.0,-12.044196,-5.8239403
7300820000.0,-12.043,-5.859256
7300845000.0,-12.039561,-5.8947544
7300870000.0,-12.050591,-5.9145546
7300895000.0,-12.050622,-5.871931
7300920000.0,-12.0472,-5.900477
7300945000.0,-12.048929,-5.8973465
7300970000.0,-12.047178,-5.89665
7300995000.0,-12.052738,-5.9066095
7301020000.0,-12.051088,-5.905777
7301045000.0,-12.053826,-5.9498515
7301070000.0,-12.0536785,-5.936187
7301095000.0,-12.053668,-5.9264035
7301120000.0,-12.05005,-5.969627
7301145000.0,-12.057682,-5.9236097
7301170000.0,-12.054835,-5.960324
7301195000.0,-12.054723,-5.9774556
7301220000.0,-12.057699,-5.9955645
7301245000.0,-12.061864,-5.987309
7301270000.0,-12.061109,-5.9786835
7301295000.0,-12.058759,-6.0179996
7301320000.0,-12.058468,-6.006218
7301345000.0,-12.063879,-5.9823275
7301370000.0,-12.066433,-5.9916396
7301395000.0,-12.06371,-6.036875
7301420000.0,-12.062479,-6.0475893
7301445000.0,-12.06198,-6.0232606
7301470000.0,-12.062852,-6.054522
7301495000.0,-12.068751,-6.050813
7301520000.0,-12.068889,-6.067424
7301545000.0,-12.073345,-6.0555367
7301570000.0,-12.07455,-6.090117
7301595000.0,-12.075148,-6.091913
7301620000.0,-12.07269,-6.081148
7301645000.0,-12.073332,-6.100651
7301670000.0,-12.081685,-6.1169076
7301695000.0,-12.074827,-6.138713
7301720000.0,-12.082232,-6.143021
7301745000.0,-12.077466,-6.1346908
7301770000.0,-12.079651,-6.1776915
7301795000.0,-12.074744,-6.1336694
7301820000.0,-12.0776825,-6.170276
7301845000.0,-12.079967,-6.154025
7301870000.0,-12.085714,-6.1715393
7301895000.0,-12.088205,-6.1642046
7301920000.0,-12.083914,-6.180745
7301945000.0,-12.084343,-6.1884246
7301970000.0,-12.081379,-6.192009
7301995000.0,-12.086013,-6.2304335
7302020000.0,-12.0898905,-6.221986
7302045000.0,-12.086555,-6.2438483
7302070000.0,-12.091942,-6.230967
7302095000.0,-12.086245,-6.2719545
7302120000.0,-12.093388,-6.230033
7302145000.0,-12.089377,-6.250842
7302170000.0,-12.091793,-6.257169
7302195000.0,-12.091354,-6.264603
7302220000.0,-12.089703,-6.2854
7302245000.0,-12.093467,-6.260643
7302270000.0,-12.09668,-6.2977953
7302295000.0,-12.094238,-6.2926416
7302320000.0,-12.095551,-6.301655
7302345000.0,-12.09836,-6.2792993
7302370000.0,-12.101772,-6.3436084
7302395000.0,-12.103758,-6.343439
7302420000.0,-12.099082,-6.315407
7302445000.0,-12.101212,-6.3250127
7302470000.0,-12.098853,-6.3318186
7302495000.0,-12.098396,-6.3689504
7302520000.0,-12.097171,-6.398763
7302545000.0,-12.101094,-6.3754373
7302570000.0,-12.107031,-6.3890667
7302595000.0,-12.105162,-6.377134
7302620000.0,-12.106826,-6.427642
7302645000.0,-12.10766,-6.4448304
7302670000.0,-12.10729,-6.4527764
7302695000.0,-12.11089,-6.445511
7302720000.0,-12.107276,-6.4246926
7302745000.0,-12.111163,-6.4804997
7302770000.0,-12.113495,-6.468252
7302795000.0,-12.113811,-6.4766026
7302820000.0,-12.110161,-6.4660964
7302845000.0,-12.1111355,-6.4900575
7302870000.0,-12.116338,-6.501652
7302895000.0,-12.115385,-6.518471
7302920000.0,-12.116173,-6.503608
7302945000.0,-12.115755,-6.5312576
7302970000.0,-12.1171665,-6.5542626
7302995000.0,-12.119065,-6.519316
7303020000.0,-12.115669,-6.5189786
7303045000.0,-12.116241,-6.586871
7303070000.0,-12.120102,-6.5647383
7303095000.0,-12.117318,-6.6065083
7303120000.0,-12.123527,-6.6190834
7303145000.0,-12.124975,-6.605968
7303170000.0,-12.128662,-6.61555
7303195000.0,-12.12668,-6.633405
7303220000.0,-12.125739,-6.6635776
7303245000.0,-12.123228,-6.671729
7303270000.0,-12.126985,-6.6916456
7303295000.0,-12.128374,-6.659234
7303320000.0,-12.130041,-6.678584
7303345000.0,-12.1242895,-6.6887918
7303370000.0,-12.12755,-6.713665
7303395000.0,-12.129892,-6.7092047
7303420000.0,-12.128831,-6.711649
7303445000.0,-12.129619,-6.7573824
7303470000.0,-12.135113,-6.7608213
7303495000.0,-12.130946,-6.7572546
7303520000.0,-12.13322,-6.773751
7303545000.0,-12.13508,-6.778799
7303570000.0,-12.132621,-6.794829
7303595000.0,-12.13359,-6.798975
7303620000.0,-12.138364,-6.839006
7303645000.0,-12.135628,-6.8619776
7303670000.0,-12.134943,-6.847503
7303695000.0,-12.144982,-6.8482647
7303720000.0,-12.134675,-6.889035
7303745000.0,-12.139516,-6.8908005
7303770000.0,-12.141523,-6.8721747
7303795000.0,-12.143724,-6.8826423
7303820000.0,-12.14356,-6.9064226
7303845000.0,-12.1429405,-6.9122415
7303870000.0,-12.144151,-6.922508
7303895000.0,-12.144738,-6.9402723
7303920000.0,-12.145578,-6.9956765
7303945000.0,-12.146845,-6.9423175
7303970000.0,-12.146695,-6.991586
7303995000.0,-12.148764,-6.9889555
7304020000.0,-12.147541,-7.001959
7304045000.0,-12.15129,-7.029046
7304070000.0,-12.149755,-7.0302486
7304095000.0,-12.14954,-7.042167
7304120000.0,-12.150474,-7.065826
7304145000.0,-12.14846,-7.082343
7304170000.0,-12.154371,-7.0943365
7304195000.0,-12.159029,-7.089964
7304220000.0,-12.15269,-7.0959735
7304245000.0,-12.153282,-7.133939
7304270000.0,-12.15498,-7.159855
7304295000.0,-12.157534,-7.156532
7304320000.0,-12.153957,-7.1647806
7304345000.0,-12.157525,-7.160652
7304370000.0,-12.1587925,-7.2194357
7304395000.0,-12.156944,-7.1807804
7304420000.0,-12.159355,-7.207915
7304445000.0,-12.160367,-7.2352824
7304470000.0,-12.15872,-7.26461
7304495000.0,-12.163789,-7.25198
7304520000.0,-12.159924,-7.277647
7304545000.0,-12.159716,-7.3120403
7304570000.0,-12.163788,-7.335081
7304595000.0,-12.165925,-7.328831
7304620000.0,-12.165345,-7.3400626
7304645000.0,-12.165417,-7.3704767
7304670000.0,-12.165742,-7.376917
7304695000.0,-12.163733,-7.3778005
7304720000.0,-12.169385,-7.4177637
7304745000.0,-12.165399,-7.4190044
7304770000.0,-12.170326,-7.4340105
7304795000.0,-12.168789,-7.4527993
7304820000.0,-12.171174,-7.46973
7304845000.0,-12.1637,-7.516455
7304870000.0,-12.168128,-7.4727383
7304895000.0,-12.1696205,-7.5250463
7304920000.0,-12.1677885,-7.550623
7304945000.0,-12.173386,-7.5633664
7304970000.0,-12.174959,-7.5714498
7304995000.0,-12.173178,-7.5857944
7305020000.0,-12.174868,-7.641765
7305045000.0,-12.172401,-7.6474648
7305070000.0,-12.172194,-7.619797
7305095000.0,-12.1743765,-7.6760483
7305120000.0,-12.182611,-7.7039967
7305145000.0,-12.175631,-7.708403
7305170000.0,-12.173887,-7.7699466
7305195000.0,-12.175504,-7.7663245
7305220000.0,-12.179634,-7.7461953
7305245000.0,-12.181018,-7.808034
7305270000.0,-12.183216,-7.7956653
7305295000.0,-12.182767,-7.8400054
7305320000.0,-12.182263,-7.860845
7305345000.0,-12.178464,-7.8750715
7305370000.0,-12.181547,-7.9137287
7305395000.0,-12.1856785,-7.9189425
7305420000.0,-12.190305,-7.9303603
7305445000.0,-12.188838,-7.956992
7305470000.0,-12.189303,-7.977034
7305495000.0,-12.18656,-8.02263
7305520000.0,-12.183131,-8.025016
7305545000.0,-12.184641,-8.082301
7305570000.0,-12.185765,-8.0974245
7305595000.0,-12.189708,-8.09998
7305620000.0,-12.188341,-8.139524
7305645000.0,-12.189541,-8.166699
7305670000.0,-12.191411,-8.196088
7305695000.0,-12.19412,-8.219239
7305720000.0,-12.193913,-8.2597475
7305745000.0,-12.187964,-8.257879
7305770000.0,-12.184063,-8.316275
7305795000.0,-12.187579,-8.326201
7305820000.0,-12.196276,-8.378665
7305845000.0,-12.187637,-8.399206
7305870000.0,-12.19064,-8.438211
7305895000.0,-12.191991,-8.449811
7305920000.0,-12.190119,-8.433599
7305945000.0,-12.196359,-8.540218
7305970000.0,-12.196497,-8.545141
7305995000.0,-12.190694,-8.571543
7306020000.0,-12.195681,-8.632663
7306045000.0,-12.195001,-8.653137
7306070000.0,-12.194357,-8.697675
7306095000.0,-12.1982155,-8.718925
7306120000.0,-12.188229,-8.767473
7306145000.0,-12.202505,-8.781217
7306170000.0,-12.195503,-8.854009
7306195000.0,-12.194115,-8.888413
7306220000.0,-12.191971,-8.889241
7306245000.0,-12.196544,-8.960428
7306270000.0,-12.199383,-9.025008
7306295000.0,-12.20114,-9.028752
7306320000.0,-12.198846,-9.058232
7306345000.0,-12.20127,-9.114243
7306370000.0,-12.198344,-9.170659
7306395000.0,-12.201972,-9.189436
7306420000.0,-12.19754,-9.233644
7306445000.0,-12.202956,-9.313581
7306470000.0,-12.194874,-9.332353
7306495000.0,-12.199423,-9.390173
7306520000.0,-12.203903,-9.456195
7306545000.0,-12.203488,-9.501455
7306570000.0,-12.202115,-9.5600195
7306595000.0,-12.198739,-9.613914
7306620000.0,-12.207277,-9.63767
7306645000.0,-12.208267,-9.726575
7306670000.0,-12.20123,-9.759047
7306695000.0,-12.206851,-9.850337
7306720000.0,-12.199619,-9.902897
7306745000.0,-12.203523,-9.969871
7306770000.0,-12.205102,-9.998199
7306795000.0,-12.20611,-10.057983
7306820000.0,-12.205774,-10.0966425
7306845000.0,-12.203496,-10.160312
7306870000.0,-12.20377,-10.297944
7306895000.0,-12.209314,-10.372528
7306920000.0,-12.205549,-10.406469
7306945000.0,-12.202103,-10.518546
7306970000.0,-12.203425,-10.562593
7306995000.0,-12.201069,-10.63489
7307020000.0,-12.205865,-10.710346
7307045000.0,-12.207673,-10.786357
7307070000.0,-12.211897,-10.932584
7307095000.0,-12.205148,-10.960711
7307120000.0,-12.206699,-11.106918
7307145000.0,-12.207104,-11.210168
7307170000.0,-12.211678,-11.247439
7307195000.0,-12.208669,-11.350176
7307220000.0,-12.207365,-11.46101
7307245000.0,-12.210561,-11.565917
7307270000.0,-12.211846,-11.725992
7307295000.0,-12.213077,-11.882496
7307320000.0,-12.213004,-11.937873
7307345000.0,-12.210674,-12.059867
7307370000.0,-12.216326,-12.249914
7307395000.0,-12.214664,-12.371707
7307420000.0,-12.21842,-12.45482
7307445000.0,-12.214937,-12.644496
7307470000.0,-12.22391,-12.735493
7307495000.0,-12.223917,-12.972669
7307520000.0,-12.222692,-13.067365
7307545000.0,-12.2263565,-13.220509
7307570000.0,-12.225943,-13.456222
7307595000.0,-12.23312,-13.568481
7307620000.0,-12.23167,-13.831999
7307645000.0,-12.235826,-14.003514
7307670000.0,-12.232252,-14.15469
7307695000.0,-12.239266,-14.444686
7307720000.0,-12.244227,-14.6670885
7307745000.0,-12.245847,-14.852065
7307770000.0,-12.256751,-15.168945
7307795000.0,-12.257693,-15.418429
7307820000.0,-12.266622,-15.687208
7307845000.0,-12.273386,-15.880497
7307870000.0,-12.287018,-16.398495
7307895000.0,-12.2918415,-16.690248
7307920000.0,-12.309614,-17.015446
7307945000.0,-12.318651,-17.395458
7307970000.0,-12.32963,-17.759344
7307995000.0,-12.348716,-18.313557
7308020000.0,-12.372808,-18.708534
7308045000.0,-12.398292,-19.3835
7308070000.0,-12.413441,-19.805862
7308095000.0,-12.444246,-20.520258
7308120000.0,-12.484305,-21.152136
7308145000.0,-12.535982,-21.916145
7308170000.0,-12.601396,-22.830715
7308195000.0,-12.663907,-23.698591
7308220000.0,-12.763708,-24.791357
7308245000.0,-12.940008,-26.282326
7308270000.0,-13.1860895,-27.947147
7308295000.0,-13.605027,-29.85201
7308320000.0,-14.570487,-32.551945
7308345000.0,-16.064215,-34.77735
7308370000.0,-18.581722,-33.961945
7308395000.0,-19.921707,-30.009659
7308420000.0,-20.809061,-23.810087
7308445000.0,-21.166224,-17.087278
7308470000.0,-21.265709,-11.734567
7308495000.0,-21.201077,-7.328644
7308520000.0,-21.00363,-2.6318657
7308545000.0,-20.74251,0.8683429
7308570000.0,-20.419846,4.1760993
7308595000.0,-20.061283,6.8774667
7308620000.0,-19.683245,9.18065
7308645000.0,-19.3505,10.7771015
7308670000.0,-18.964258,12.140336
7308695000.0,-18.658129,13.18997
7308720000.0,-18.373491,13.937733
7308745000.0,-18.017502,14.60778
7308770000.0,-17.712534,15.023828
7308795000.0,-17.37812,15.340118
7308820000.0,-17.141722,15.581128
7308845000.0,-16.868889,15.60174
7308870000.0,-16.638742,15.555138
7308895000.0,-16.403326,15.407168
7308920000.0,-16.162195,15.230885
7308945000.0,-15.959189,15.017034
7308970000.0,-15.756057,14.704536
7308995000.0,-15.602686,14.459895
7309020000.0,-15.422373,14.126715
7309045000.0,-15.271606,13.839578
7309070000.0,-15.100205,13.358845
7309095000.0,-14.975364,13.033786
7309120000.0,-14.839305,12.632116
7309145000.0,-14.736549,12.26181
7309170000.0,-14.5837555,11.720971
7309195000.0,-14.491504,11.438662
7309220000.0,-14.387789,11.001508
7309245000.0,-14.304105,10.710654
7309270000.0,-14.194767,10.179532
7309295000.0,-14.119687,9.88029
7309320000.0,-14.058631,9.594955
7309345000.0,-13.981513,9.153933
7309370000.0,-13.926967,8.913471
7309395000.0,-13.861219,8.559133
7309420000.0,-13.804905,8.234399
7309445000.0,-13.755188,7.9336944
7309470000.0,-13.704637,7.629433
7309495000.0,-13.655515,7.326808
7309520000.0,-13.592107,6.912187
7309545000.0,-13.567089,6.7350507
7309570000.0,-13.514484,6.4569345
7309595000.0,-13.488733,6.2186275
7309620000.0,-13.462318,6.0287137
7309645000.0,-13.430819,5.812441
7309670000.0,-13.397591,5.5031
7309695000.0,-13.356326,5.3253326
7309720000.0,-13.339159,5.1192174
7309745000.0,-13.303941,4.865322
7309770000.0,-13.2894335,4.707345
7309795000.0,-13.260366,4.4490676
7309820000.0,-13.235481,4.2829137
7309845000.0,-13.221592,4.164266
7309870000.0,-13.19082,3.9486403
7309895000.0,-13.184519,3.7948327
7309920000.0,-13.161617,3.6223216
7309945000.0,-13.147729,3.4499633
7309970000.0,-13.132217,3.3790822
7309995000.0,-13.110575,3.2111444
7310020000.0,-13.106641,3.0710802
7310045000.0,-13.087511,2.883159
7310070000.0,-13.071232,2.7830362
7310095000.0,-13.065676,2.686083
7310120000.0,-13.048069,2.510733
7310145000.0,-13.039009,2.4643753
7310170000.0,-13.023949,2.2932217
7310195000.0,-13.027583,2.2363315
7310220000.0,-13.000838,2.0851214
7310245000.0,-12.99495,1.9781626
7310270000.0,-12.994345,1.9090202
7310295000.0,-12.980832,1.7948606
7310320000.0,-12.973569,1.6879212
7310345000.0,-12.970604,1.5916574
7310370000.0,-12.95823,1.4524812
7310395000.0,-12.953083,1.437941
7310420000.0,-12.938691,1.3144093
7310445000.0,-12.934203,1.2013706
7310470000.0,-12.925764,1.1488258
7310495000.0,-12.918659,1.0931122
7310520000.0,-12.911984,0.979857
7310545000.0,-12.906998,0.940349
7310570000.0,-12.905983,0.87587243
7310595000.0,-12.905372,0.81569207
7310620000.0,-12.892706,0.7226443
7310645000.0,-12.889463,0.62615335
7310670000.0,-12.881341,0.55406505
7310695000.0,-12.880936,0.48329896
7310720000.0,-12.871675,0.45203948
7310745000.0,-12.876694,0.4244264
7310770000.0,-12.8704405,0.34314263
7310795000.0,-12.865812,0.32252178
7310820000.0,-12.855054,0.16828364
7310845000.0,-12.857545,0.10839455
7310870000.0,-12.855026,0.1234732
7310895000.0,-12.84619,0.04493533
7310920000.0,-12.84706,-0.03165351
7310945000.0,-12.847012,-0.064373724
7310970000.0,-12.837164,-0.08870499
7310995000.0,-12.837339,-0.17226692
7311020000.0,-12.836653,-0.20406239
7311045000.0,-12.834175,-0.26441148
7311070000.0,-12.82828,-0.30028546
7311095000.0,-12.831457,-0.3686986
7311120000.0,-12.821736,-0.3506017
7311145000.0,-12.821722,-0.4594265
7311170000.0,-12.819966,-0.48927584
7311195000.0,-12.818681,-0.500474
7311220000.0,-12.813006,-0.52582747
7311245000.0,-12.812503,-0.56922644
7311270000.0,-12.812099,-0.638926
7311295000.0,-12.811726,-0.6708428
7311320000.0,-12.806828,-0.6940251
7311345000.0,-12.806719,-0.72820294
7311370000.0,-12.805135,-0.76669955
7311395000.0,-12.801556,-0.7909054
7311420000.0,-12.803247,-0.8305872
7311445000.0,-12.804444,-0.8797584
7311470000.0,-12.797292,-0.89862674
7311495000.0,-12.793321,-0.9432025
7311520000.0,-12.790106,-0.9681166
7311545000.0,-12.797992,-1.0032256
7311570000.0,-12.792879,-1.0324808
7311595000.0,-12.787989,-1.0454631
7311620000.0,-12.789162,-1.098768
7311645000.0,-12.789848,-1.1400958
7311670000.0,-12.789175,-1.1490877
7311695000.0,-12.788899,-1.2099282
7311720000.0,-12.786838,-1.1987804
7311745000.0,-12.784427,-1.2757678
7311770000.0,-12.786181,-1.2574078
7311795000.0,-12.7804165,-1.3200412
7311820000.0,-12.782999,-1.3275518
7311845000.0,-12.783179,-1.3431749
7311870000.0,-12.782906,-1.3467916
7311895000.0,-12.781401,-1.4117179
7311920000.0,-12.778046,-1.4171536
7311945000.0,-12.776947,-1.41611
7311970000.0,-12.776934,-1.4485043
7311995000.0,-12.778292,-1.5035129
7312020000.0,-12.77725,-1.514249
7312045000.0,-12.780143,-1.5257748
7312070000.0,-12.775347,-1.5388968
7312095000.0,-12.778513,-1.5776277
7312120000.0,-12.773883,-1.598174
7312145000.0,-12.775446,-1.636301
7312170000.0,-12.776763,-1.648142
7312195000.0,-12.775371,-1.6483147
7312220000.0,-12.769958,-1.6753399
7312245000.0,-12.778673,-1.6773312
7312270000.0,-12.775642,-1.7217237
7312295000.0,-12.771203,-1.7285885
7312320000.0,-12.774287,-1.7587699
7312345000.0,-12.769399,-1.7784729
7312370000.0,-12.770862,-1.8309546
7312395000.0,-12.77813,-1.822177
7312420000.0,-12.771165,-1.8209566
7312445000.0,-12.773988,-1.8243021
7312470000.0,-12.769473,-1.8550122
7312495000.0,-12.776236,-1.8268515
7312520000.0,-12.768648,-1.8735222
7312545000.0,-12.775545,-1.9265592
7312570000.0,-12.777379,-1.9585147
7312595000.0,-12.773846,-1.9743383
7312620000.0,-12.776195,-1.9699256
7312645000.0,-12.768727,-1.9417225
7312670000.0,-12.775984,-2.0088506
7312695000.0,-12.773959,-2.0078876
7312720000.0,-12.77217,-2.0222673
7312745000.0,-12.772883,-2.0341132
7312770000.0,-12.777756,-2.0438018
7312795000.0,-12.777011,-2.0835824
7312820000.0,-12.779645,-2.0687904
7312845000.0,-12.780536,-2.0645955
7312870000.0,-12.775754,-2.0818
7312895000.0,-12.773872,-2.1588008
7312920000.0,-12.772036,-2.1428947
7312945000.0,-12.774445,-2.1463773
7312970000.0,-12.777356,-2.155499
7312995000.0,-12.772362,-2.1690273
7313020000.0,-12.779901,-2.2250144
7313045000.0,-12.778214,-2.2302663
7313070000.0,-12.777473,-2.2305963
7313095000.0,-12.780379,-2.2120547
7313120000.0,-12.778,-2.2518668
7313145000.0,-12.780436,-2.26616
7313170000.0,-12.7755575,-2.2555711
7313195000.0,-12.782045,-2.2587767
7313220000.0,-12.777011,-2.2707505
7313245000.0,-12.780986,-2.3041816
7313270000.0,-12.780541,-2.3095922
7313295000.0,-12.78498,-2.2915056
7313320000.0,-12.778557,-2.3343763
7313345000.0,-12.780748,-2.310269
7313370000.0,-12.782959,-2.326988
7313395000.0,-12.782849,-2.3518577
7313420000.0,-12.788844,-2.3834994
7313445000.0,-12.780714,-2.3950202
7313470000.0,-12.785588,-2.3799882
7313495000.0,-12.789104,-2.383647
7313520000.0,-12.785017,-2.3920987
7313545000.0,-12.789107,-2.378342
7313570000.0,-12.785049,-2.4255989
7313595000.0,-12.783818,-2.425945
7313620000.0,-12.785254,-2.4497232
7313645000.0,-12.783776,-2.4743543
7313670000.0,-12.793828,-2.45312
7313695000.0,-12.794354,-2.4536939
7313720000.0,-12.793831,-2.4795616
7313745000.0,-12.794177,-2.467308
7313770000.0,-12.794656,-2.468507
7313795000.0,-12.793302,-2.4736955
7313820000.0,-12.793017,-2.4955149
7313845000.0,-12.7974825,-2.5098379
7313870000.0,-12.794026,-2.4969206
7313895000.0,-12.793246,-2.5237453
7313920000.0,-12.7913475,-2.5212216
7313945000.0,-12.794804,-2.5577066
7313970000.0,-12.804747,-2.5621078
7313995000.0,-12.794707,-2.5276155
7314020000.0,-12.800781,-2.5443802
7314045000.0,-12.799506,-2.5441039
7314070000.0,-12.796287,-2.5822709
7314095000.0,-12.798377,-2.597186
7314120000.0,-12.796849,-2.5622413
7314145000.0,-12.80315,-2.5889685
7314170000.0,-12.796126,-2.5937767
7314195000.0,-12.802333,-2.6173303
7314220000.0,-12.805405,-2.610379
7314245000.0,-12.803612,-2.6250155
7314270000.0,-12.80874,-2.638757
7314295000.0,-12.806455,-2.6286361
7314320000.0,-12.804112,-2.6418617
7314345000.0,-12.803025,-2.6314852
7314370000.0,-12.804716,-2.6556497
7314395000.0,-12.805562,-2.6464894
7314420000.0,-12.808164,-2.6356728
7314445000.0,-12.80667,-2.6370132
7314470000.0,-12.813242,-2.709439
7314495000.0,-12.809657,-2.6965334
7314520000.0,-12.8098135,-2.6725738
7314545000.0,-12.807957,-2.6905499
7314570000.0,-12.821271,-2.6889105
7314595000.0,-12.813803,-2.7128513
7314620000.0,-12.81463,-2.6858659
7314645000.0,-12.814708,-2.7258625
7314670000.0,-12.815431,-2.711178
7314695000.0,-12.816515,-2.7152948
7314720000.0,-12.817063,-2.7329392
7314745000.0,-12.81672,-2.7519586
7314770000.0,-12.822074,-2.73297
7314795000.0,-12.821125,-2.773116
7314820000.0,-12.816119,-2.7435498
7314845000.0,-12.81426,-2.7213902
7314870000.0,-12.819544,-2.7381742
7314895000.0,-12.824737,-2.7606983
7314920000.0,-12.821615,-2.7588918
7314945000.0,-12.823535,-2.7316453
7314970000.0,-12.82437,-2.7679324
7314995000.0,-12.824284,-2.8036025
7315020000.0,-12.82555,-2.7621622
7315045000.0,-12.833616,-2.7713473
7315070000.0,-12.829735,-2.7651954
7315095000.0,-12.829399,-2.7681763
7315120000.0,-12.835065,-2.7520082
7315145000.0,-12.82778,-2.7630677
7315170000.0,-12.83086,-2.7850983
7315195000.0,-12.832446,-2.8159704
7315220000.0,-12.8296,-2.815248
7315245000.0,-12.831889,-2.787951
7315270000.0,-12.828701,-2.7811418
7315295000.0,-12.835393,-2.7892203
7315320000.0,-12.832568,-2.8099868
7315345000.0,-12.836062,-2.7914085
7315370000.0,-12.842521,-2.8049676
7315395000.0,-12.838358,-2.7877853
7315420000.0,-12.840535,-2.8085206
7315445000.0,-12.841461,-2.8165092
7315470000.0,-12.846316,-2.7719688
7315495000.0,-12.848553,-2.8227637
7315520000.0,-12.84743,-2.820533
7315545000.0,-12.842973,-2.8144214
7315570000.0,-12.848756,-2.8327973
7315595000.0,-12.842579,-2.8064356
7315620000.0,-12.844427,-2.839256
7315645000.0,-12.843156,-2.7921665
7315670000.0,-12.845483,-2.8254175
7315695000.0,-12.849568,-2.8262186
7315720000.0,-12.855571,-2.8308277
7315745000.0,-12.85004,-2.8353207
7315770000.0,-12.847107,-2.8486814
7315795000.0,-12.854571,-2.8544228
7315820000.0,-12.854472,-2.8484795
7315845000.0,-12.852625,-2.8486607
7315870000.0,-12.856353,-2.8088236
7315895000.0,-12.856969,-2.8375847
7315920000.0,-12.859049,-2.8463187
7315945000.0,-12.855246,-2.8540623
7315970000.0,-12.86045,-2.8540719
7315995000.0,-12.861926,-2.837145
7316020000.0,-12.863074,-2.872899
7316045000.0,-12.862118,-2.8471634
7316070000.0,-12.866902,-2.8434443
7316095000.0,-12.868814,-2.8414505
7316120000.0,-12.862109,-2.8394012
7316145000.0,-12.869268,-2.87931
7316170000.0,-12.863696,-2.8620608
7316195000.0,-12.869381,-2.8412845
7316220000.0,-12.872005,-2.8534698
7316245000.0,-12.866493,-2.8486545
7316270000.0,-12.873355,-2.8217304
7316295000.0,-12.873557,-2.842795
7316320000.0,-12.868869,-2.863906
7316345000.0,-12.874101,-2.8718626
7316370000.0,-12.877613,-2.8537998
7316395000.0,-12.873947,-2.8733466
7316420000.0,-12.871326,-2.8702989
7316445000.0,-12.874562,-2.8427277
7316470000.0,-12.871251,-2.8582702
7316495000.0,-12.8758955,-2.8733284
7316520000.0,-12.881361,-2.9082408
7316545000.0,-12.879326,-2.8620212
7316570000.0,-12.878969,-2.8337214
7316595000.0,-12.884333,-2.8672266
7316620000.0,-12.880088,-2.8617637
7316645000.0,-12.883363,-2.906199
7316670000.0,-12.886755,-2.9088516
7316695000.0,-12.887168,-2.8673286
7316720000.0,-12.889561,-2.867202
7316745000.0,-12.8855,-2.8562138
7316770000.0,-12.890581,-2.8637652
7316795000.0,-12.885564,-2.869872
7316820000.0,-12.893618,-2.8529408
7316845000.0,-12.89485,-2.8685107
7316870000.0,-12.892656,-2.8669531
7316895000.0,-12.890013,-2.868957
7316920000.0,-12.895645,-2.8713706
7316945000.0,-12.892047,-2.858849
7316970000.0,-12.894647,-2.889097
7316995000.0,-12.896767,-2.8806257
7317020000.0,-12.898949,-2.8492424
7317045000.0,-12.90115,-2.8381722
7317070000.0,-12.899321,-2.863824
7317095000.0,-12.902206,-2.8555722
7317120000.0,-12.904395,-2.846499
7317145000.0,-12.905905,-2.8864474
7317170000.0,-12.906337,-2.8084815
7317195000.0,-12.899006,-2.8501334
7317220000.0,-12.905092,-2.874273
7317245000.0,-12.901963,-2.8427956
7317270000.0,-12.91297,-2.848902
7317295000.0,-12.909755,-2.833568
7317320000.0,-12.908569,-2.8303852
7317345000.0,-12.911785,-2.8327565
7317370000.0,-12.917153,-2.8397117
7317395000.0,-12.912363,-2.8489099
7317420000.0,-12.916691,-2.8713229
7317445000.0,-12.915214,-2.844115
7317470000.0,-12.916367,-2.818313
7317495000.0,-12.918964,-2.8078523
7317520000.0,-12.914178,-2.859928
7317545000.0,-12.916615,-2.8360236
7317570000.0,-12.918563,-2.8431113
7317595000.0,-12.919753,-2.8478804
7317620000.0,-12.924127,-2.8189576
7317645000.0,-12.923582,-2.8495574
7317670000.0,-12.923608,-2.8423812
7317695000.0,-12.926167,-2.8483467
7317720000.0,-12.926421,-2.8486161
7317745000.0,-12.92776,-2.8427384
7317770000.0,-12.92536,-2.8063414
7317795000.0,-12.925338,-2.8529055
7317820000.0,-12.92683,-2.8246014
7317845000.0,-12.9311905,-2.8242106
7317870000.0,-12.932112,-2.8324642
7317895000.0,-12.931667,-2.854957
7317920000.0,-12.929625,-2.8258564
7317945000.0,-12.929782,-2.8639052
7317970000.0,-12.932073,-2.8437147
7317995000.0,-12.9363165,-2.7842605
7318020000.0,-12.939436,-2.8029525
7318045000.0,-12.939285,-2.8253613
7318070000.0,-12.943067,-2.8657312
7318095000.0,-12.938644,-2.7794516
7318120000.0,-12.937715,-2.8410957
7318145000.0,-12.942248,-2.8186543
7318170000.0,-12.942007,-2.799111
7318195000.0,-12.942865,-2.8019314
7318220000.0,-12.9511795,-2.817377
7318245000.0,-12.94938,-2.8236475
7318270000.0,-12.94207,-2.8227289
7318295000.0,-12.946139,-2.8222141
7318320000.0,-12.948153,-2.7837899
7318345000.0,-12.955283,-2.788568
7318370000.0,-12.953146,-2.833104
7318395000.0,-12.95407,-2.8009012
7318420000.0,-12.952559,-2.8001313
7318445000.0,-12.952972,-2.7899652
7318470000.0,-12.953927,-2.811313
7318495000.0,-12.954009,-2.7446434
7318520000.0,-12.955514,-2.794386
7318545000.0,-12.952377,-2.7882445
7318570000.0,-12.960241,-2.804092
7318595000.0,-12.951814,-2.7739973
7318620000.0,-12.958068,-2.797113
7318645000.0,-12.960597,-2.8050482
7318670000.0,-12.961557,-2.7746456
