6831610000.0,-34.7576446533,145.431747437
6831615000.0,-34.6486549377,145.640136719
6831620000.0,-34.7841033936,145.872497559
6831625000.0,-34.7239341736,145.096435547
6831630000.0,-34.7350692749,145.062164307
6831635000.0,-34.8256072998,145.604385376
6831640000.0,-34.6409492493,145.792678833
6831645000.0,-34.6814956665,145.9112854
6831650000.0,-34.7155075073,145.320007324
6831655000.0,-34.7212524414,145.269287109
6831660000.0,-34.7919197083,146.013458252
6831665000.0,-34.7621231079,145.148468018
6831670000.0,-34.7139320374,145.407821655
6831675000.0,-34.7912979126,145.467971802
6831680000.0,-34.7352828979,144.969818115
6831685000.0,-34.6492538452,145.956008911
6831690000.0,-34.7268257141,145.973464966
6831695000.0,-34.7184791565,145.739425659
6831700000.0,-34.7212638855,145.486831665
6831705000.0,-34.7505722046,145.066329956
6831710000.0,-34.7043190002,145.767150879
6831715000.0,-34.7773513794,145.459335327
6831720000.0,-34.7259712219,145.018829346
6831725000.0,-34.6820831299,145.409912109
6831730000.0,-34.7776298523,145.40574646
6831735000.0,-34.652545929,145.555419922
6831740000.0,-34.6199569702,145.467407227
6831745000.0,-34.69348526,145.223648071
6831750000.0,-34.73777771,144.709228516
6831755000.0,-34.7537651062,145.273117065
6831760000.0,-34.7564620972,145.585983276
6831765000.0,-34.6926765442,145.189941406
6831770000.0,-34.7244186401,145.672790527
6831775000.0,-34.7229118347,145.479415894
6831780000.0,-34.6683616638,145.152770996
6831785000.0,-34.7250061035,145.501052856
6831790000.0,-34.7300262451,145.463653564
6831795000.0,-34.7200889587,145.213806152
6831800000.0,-34.7538414001,145.193954468
6831805000.0,-34.6929702759,145.384277344
6831810000.0,-34.6339759827,145.268661499
6831815000.0,-34.7672424316,145.122955322
6831820000.0,-34.7473220825,145.328796387
6831825000.0,-34.8167686462,145.573516846
6831830000.0,-34.7403411865,145.122543335
6831835000.0,-34.8172645569,145.524200439
6831840000.0,-34.65625,145.108673096
6831845000.0,-34.8003349304,145.300949097
6831850000.0,-34.7116165161,145.658477783
6831855000.0,-34.8019294739,145.796386719
6831860000.0,-34.7280311584,145.347854614
6831865000.0,-34.7655220032,146.083404541
6831870000.0,-34.7839622498,145.440063477
6831875000.0,-34.7626609802,145.726394653
6831880000.0,-34.6741027832,145.677093506
6831885000.0,-34.7195510864,145.246383667
6831890000.0,-34.672454834,145.270675659
6831895000.0,-34.7129516602,144.653808594
6831900000.0,-34.7964134216,146.092803955
6831905000.0,-34.6598930359,145.802947998
6831910000.0,-34.7687072754,145.446395874
6831915000.0,-34.7280731201,145.192398071
6831920000.0,-34.7672462463,144.947967529
6831925000.0,-34.7139663696,145.64755249
6831930000.0,-34.7092590332,145.006820679
6831935000.0,-34.7183685303,145.145706177
6831940000.0,-34.7138328552,145.615264893
6831945000.0,-34.7067108154,145.379348755
6831950000.0,-34.7661056519,145.203781128
6831955000.0,-34.8082771301,145.572463989
6831960000.0,-34.750793457,145.469680786
6831965000.0,-34.711353302,145.741958618
6831970000.0,-34.6783638,145.159301758
6831975000.0,-34.786857605,145.750244141
6831980000.0,-34.6634864807,145.709457397
6831985000.0,-34.7233657837,144.798339844
6831990000.0,-34.7618598938,145.853622437
6831995000.0,-34.7830200195,144.75328064
6832000000.0,-34.6791877747,145.570541382
6832005000.0,-34.7506523132,145.137649536
6832010000.0,-34.781879425,145.200088501
6832015000.0,-34.7133598328,145.128479004
6832020000.0,-34.6475715637,145.905929565
6832025000.0,-34.6620788574,144.834243774
6832030000.0,-34.8444023132,145.496902466
6832035000.0,-34.7271308899,145.402206421
6832040000.0,-34.6937484741,145.5728302
6832045000.0,-34.716091156,145.616943359
6832050000.0,-34.6634216309,145.168273926
6832055000.0,-34.6887626648,145.518386841
6832060000.0,-34.7672805786,145.003036499
6832065000.0,-34.6957588196,145.340530396
6832070000.0,-34.7563858032,144.944229126
6832075000.0,-34.722278595,145.219314575
6832080000.0,-34.6557121277,145.441116333
6832085000.0,-34.6887397766,145.357757568
6832090000.0,-34.7722969055,145.226303101
6832095000.0,-34.8167266846,144.469894409
6832100000.0,-34.8329696655,145.802825928
6832105000.0,-34.7320365906,145.366195679
6832110000.0,-34.7512016296,145.342163086
6832115000.0,-34.6787261963,145.33732605
6832120000.0,-34.6496582031,145.070739746
6832125000.0,-34.7713813782,144.971038818
6832130000.0,-34.678478241,145.425247192
6832135000.0,-34.7568435669,144.586456299
6832140000.0,-34.6938972473,144.927185059
6832145000.0,-34.7290344238,145.153991699
6832150000.0,-34.690952301,144.827041626
6832155000.0,-34.7687492371,144.990814209
6832160000.0,-34.7064933777,145.421646118
6832165000.0,-34.8142089844,145.24961853
6832170000.0,-34.7500343323,145.026229858
6832175000.0,-34.7416114807,144.968048096
6832180000.0,-34.759513855,145.603530884
6832185000.0,-34.7245750427,145.455230713
6832190000.0,-34.6146850586,144.803375244
6832195000.0,-34.709072113,144.419845581
6832200000.0,-34.7020454407,145.366439819
6832205000.0,-34.6970214844,145.140335083
6832210000.0,-34.7101669312,145.064239502
6832215000.0,-34.6608467102,144.622680664
6832220000.0,-34.6654205322,145.221939087
6832225000.0,-34.6126480103,145.06161499
6832230000.0,-34.8401069641,145.26776123
6832235000.0,-34.7444992065,144.478225708
6832240000.0,-34.7253913879,145.019287109
6832245000.0,-34.6840438843,144.46534729
6832250000.0,-34.7845916748,144.976593018
6832255000.0,-34.7234458923,145.4009552
6832260000.0,-34.7203559875,145.047149658
6832265000.0,-34.6353530884,145.344940186
6832270000.0,-34.5963058472,145.007751465
6832275000.0,-34.6397171021,145.174224854
6832280000.0,-34.6575279236,145.294815063
6832285000.0,-34.7242164612,144.900405884
6832290000.0,-34.6684951782,144.912704468
6832295000.0,-34.7763710022,145.608474731
6832300000.0,-34.6516342163,145.194580078
6832305000.0,-34.7250785828,145.129150391
6832310000.0,-34.6277046204,144.497772217
6832315000.0,-34.7156181335,145.452316284
6832320000.0,-34.7578811646,144.882247925
6832325000.0,-34.6767234802,144.876922607
6832330000.0,-34.7177848816,144.553604126
6832335000.0,-34.7959861755,144.220443726
6832340000.0,-34.7399253845,144.613937378
6832345000.0,-34.6471099854,144.843429565
6832350000.0,-34.6948928833,144.929244995
6832355000.0,-34.7805900574,144.58493042
6832360000.0,-34.669708252,144.34828186
6832365000.0,-34.6873626709,144.780914307
6832370000.0,-34.7569770813,144.358276367
6832375000.0,-34.6496429443,145.106109619
6832380000.0,-34.6726036072,144.740509033
6832385000.0,-34.7094955444,144.879348755
6832390000.0,-34.7273483276,144.976623535
6832395000.0,-34.681186676,145.045883179
6832400000.0,-34.6670303345,144.018417358
6832405000.0,-34.6470603943,144.503250122
6832410000.0,-34.747253418,144.919174194
6832415000.0,-34.6890296936,144.588500977
6832420000.0,-34.7473907471,144.95111084
6832425000.0,-34.7223358154,144.699142456
6832430000.0,-34.6468200684,144.69291687
6832435000.0,-34.7313995361,144.824996948
6832440000.0,-34.713508606,145.435455322
6832445000.0,-34.7179336548,144.277114868
6832450000.0,-34.6558990479,145.198791504
6832455000.0,-34.7031669617,144.662643433
6832460000.0,-34.6801376343,144.422348022
6832465000.0,-34.6756286621,145.663955688
6832470000.0,-34.6435661316,144.477676392
6832475000.0,-34.6607627869,144.638549805
6832480000.0,-34.6660194397,144.726989746
6832485000.0,-34.7556343079,144.966522217
6832490000.0,-34.6515312195,144.914703369
6832495000.0,-34.6997070313,144.96270752
6832500000.0,-34.6700057983,144.822097778
6832505000.0,-34.6903839111,145.245620728
6832510000.0,-34.7785835266,145.409255981
6832515000.0,-34.7098274231,144.397354126
6832520000.0,-34.6609992981,144.820648193
6832525000.0,-34.6597824097,145.031906128
6832530000.0,-34.6763076782,144.44367981
6832535000.0,-34.5864486694,145.249923706
6832540000.0,-34.7187194824,144.476608276
6832545000.0,-34.6411819458,145.05116272
6832550000.0,-34.716796875,144.670089722
6832555000.0,-34.6722869873,145.104263306
6832560000.0,-34.71251297,144.81060791
6832565000.0,-34.564994812,144.85218811
6832570000.0,-34.6626358032,144.920913696
6832575000.0,-34.684967041,144.774185181
6832580000.0,-34.6928024292,144.680038452
6832585000.0,-34.6517562866,145.387985229
6832590000.0,-34.5876502991,144.782348633
6832595000.0,-34.5434341431,144.760040283
6832600000.0,-34.7026138306,144.939544678
6832605000.0,-34.7157707214,143.76991272
6832610000.0,-34.617855072,144.798217773
6832615000.0,-34.6854133606,144.495849609
6832620000.0,-34.5486068726,144.76121521
6832625000.0,-34.6444129944,144.563217163
6832630000.0,-34.6720962524,144.437408447
6832635000.0,-34.5668067932,144.59425354
6832640000.0,-34.6512641907,144.310180664
6832645000.0,-34.5944366455,145.53086853
6832650000.0,-34.6615982056,144.657806396
6832655000.0,-34.6323013306,144.745574951
6832660000.0,-34.6266822815,144.110717773
6832665000.0,-34.6389656067,144.279922485
6832670000.0,-34.6329879761,144.056304932
6832675000.0,-34.6173782349,144.299758911
6832680000.0,-34.724937439,144.548492432
6832685000.0,-34.5796394348,144.884750366
6832690000.0,-34.6560020447,144.731414795
6832695000.0,-34.5682411194,144.348114014
6832700000.0,-34.6095199585,144.577835083
6832705000.0,-34.5317077637,144.31489563
6832710000.0,-34.532245636,144.799362183
6832715000.0,-34.6055603027,144.955490112
6832720000.0,-34.5494651794,144.525405884
6832725000.0,-34.6045608521,144.912475586
6832730000.0,-34.6699256897,145.399414063
6832735000.0,-34.5115203857,144.635223389
6832740000.0,-34.5138130188,144.051879883
6832745000.0,-34.5384063721,144.640045166
6832750000.0,-34.546245575,144.880599976
6832755000.0,-34.507232666,144.685409546
6832760000.0,-34.5730247498,144.502151489
6832765000.0,-34.5636291504,144.717025757
6832770000.0,-34.5335693359,144.502975464
6832775000.0,-34.5084228516,144.694747925
6832780000.0,-34.5594825745,145.061157227
6832785000.0,-34.6032180786,144.813858032
6832790000.0,-34.5521736145,145.1927948
6832795000.0,-34.6072463989,143.884429932
6832800000.0,-34.6063804626,144.034042358
6832805000.0,-34.5405044556,144.521087646
6832810000.0,-34.5925559998,144.660507202
6832815000.0,-34.6056556702,143.739395142
6832820000.0,-34.5478096008,144.728790283
6832825000.0,-34.6917037964,143.831436157
6832830000.0,-34.6472663879,144.80847168
6832835000.0,-34.5624542236,144.574035645
6832840000.0,-34.5341033936,144.44670105
6832845000.0,-34.5479850769,143.68649292
6832850000.0,-34.5865058899,144.597396851
6832855000.0,-34.5314292908,144.158065796
6832860000.0,-34.5715789795,144.017028809
6832865000.0,-34.5659561157,144.796310425
6832870000.0,-34.511756897,143.984390259
6832875000.0,-34.4197044373,144.556411743
6832880000.0,-34.533241272,144.252044678
6832885000.0,-34.4821014404,143.623016357
6832890000.0,-34.5673561096,144.809341431
6832895000.0,-34.4413719177,144.140640259
6832900000.0,-34.4524879456,144.467315674
6832905000.0,-34.5229759216,143.909896851
6832910000.0,-34.4954833984,143.944000244
6832915000.0,-34.4418106079,143.938049316
6832920000.0,-34.5424766541,143.945602417
6832925000.0,-34.5251350403,143.242858887
6832930000.0,-34.4203987122,144.503967285
6832935000.0,-34.4877815247,144.524307251
6832940000.0,-34.5177192688,143.923355103
6832945000.0,-34.4130592346,144.130584717
6832950000.0,-34.4035301208,144.012435913
6832955000.0,-34.4136352539,143.534957886
6832960000.0,-34.5369033813,144.211746216
6832965000.0,-34.363822937,144.005966187
6832970000.0,-34.4368515015,144.52230835
6832975000.0,-34.5044364929,144.315292358
6832980000.0,-34.3990440369,144.112503052
6832985000.0,-34.31300354,143.743545532
6832990000.0,-34.4448242188,143.674057007
6832995000.0,-34.361125946,143.635757446
6833000000.0,-34.3546066284,143.933731079
6833005000.0,-34.4027442932,143.891830444
6833010000.0,-34.4347763062,144.263977051
6833015000.0,-34.4822502136,144.067337036
6833020000.0,-34.410068512,143.805084229
6833025000.0,-34.4590492249,144.33782959
6833030000.0,-34.3074111938,143.738952637
6833035000.0,-34.3626289368,144.282928467
6833040000.0,-34.3466758728,144.312606812
6833045000.0,-34.3005638123,143.860931396
6833050000.0,-34.3315238953,144.410461426
6833055000.0,-34.4123153687,143.474655151
6833060000.0,-34.3459281921,144.779724121
6833065000.0,-34.2529525757,144.164962769
6833070000.0,-34.2713088989,144.225280762
6833075000.0,-34.3001823425,143.630706787
6833080000.0,-34.350227356,144.025253296
6833085000.0,-34.3385848999,143.530303955
6833090000.0,-34.3715019226,143.80140686
6833095000.0,-34.3893852234,143.728713989
6833100000.0,-34.2939376831,144.470565796
6833105000.0,-34.349647522,144.420608521
6833110000.0,-34.2156028748,143.476638794
6833115000.0,-34.3223762512,143.578613281
6833120000.0,-34.3831443787,144.045822144
6833125000.0,-34.3526229858,143.191574097
6833130000.0,-34.404586792,143.68371582
6833135000.0,-34.2183189392,143.635116577
6833140000.0,-34.3129730225,143.435440063
6833145000.0,-34.1992111206,143.804519653
6833150000.0,-34.2912063599,144.18359375
6833155000.0,-34.2210769653,144.029418945
6833160000.0,-34.2760429382,143.570709229
6833165000.0,-34.3058052063,143.882644653
6833170000.0,-34.3167800903,143.732452393
6833175000.0,-34.1957778931,143.653808594
6833180000.0,-34.2387084961,144.130050659
6833185000.0,-34.2101249695,143.217910767
6833190000.0,-34.2458763123,143.574234009
6833195000.0,-34.2138061523,143.928115845
6833200000.0,-34.1828308105,143.322418213
6833205000.0,-34.1576347351,143.446807861
6833210000.0,-34.0553398132,143.848052979
6833215000.0,-34.1899909973,143.643341064
6833220000.0,-34.1582336426,143.709381104
6833225000.0,-34.1495933533,143.831710815
6833230000.0,-34.1731567383,143.61857605
6833235000.0,-34.114364624,143.150909424
6833240000.0,-34.1779212952,143.203460693
6833245000.0,-34.1027984619,142.727035522
6833250000.0,-34.1450424194,142.901763916
6833255000.0,-34.0869903564,143.359573364
6833260000.0,-34.106842041,143.068374634
6833265000.0,-34.0112380981,143.130752563
6833270000.0,-33.9491424561,143.213897705
6833275000.0,-33.9513969421,143.432632446
6833280000.0,-34.019618988,143.335952759
6833285000.0,-34.0722160339,143.340911865
6833290000.0,-34.0205039978,143.315032959
6833295000.0,-34.0059547424,143.026321411
6833300000.0,-34.0508270264,142.88659668
6833305000.0,-34.0552940369,142.742385864
6833310000.0,-33.8809890747,142.832504272
6833315000.0,-33.9226913452,142.79914856
6833320000.0,-33.9401741028,142.396759033
6833325000.0,-33.8939590454,143.43421936
6833330000.0,-34.0134239197,142.911102295
6833335000.0,-33.9483070374,143.416610718
6833340000.0,-33.941368103,142.800964355
6833345000.0,-33.8836669922,142.823501587
6833350000.0,-33.8218307495,143.047821045
6833355000.0,-33.9140396118,143.013900757
6833360000.0,-33.8412818909,142.734039307
6833365000.0,-33.8641242981,143.197738647
6833370000.0,-33.8621788025,143.121582031
6833375000.0,-33.8289413452,142.919891357
6833380000.0,-33.9060325623,142.871154785
6833385000.0,-33.8026542664,143.083602905
6833390000.0,-33.7919998169,142.630355835
6833395000.0,-33.7672195435,143.462738037
6833400000.0,-33.7121162415,142.542526245
6833405000.0,-33.7751350403,142.639160156
6833410000.0,-33.6836051941,142.352096558
6833415000.0,-33.7685165405,142.177078247
6833420000.0,-33.6242256165,143.006088257
6833425000.0,-33.672203064,142.810211182
6833430000.0,-33.7225036621,143.147094727
6833435000.0,-33.6566619873,143.025970459
6833440000.0,-33.6910667419,142.208786011
6833445000.0,-33.6663627625,142.5909729
6833450000.0,-33.5567054749,142.538146973
6833455000.0,-33.6212997437,142.360839844
6833460000.0,-33.5826873779,142.646621704
6833465000.0,-33.5542678833,142.760391235
6833470000.0,-33.5420761108,142.487762451
6833475000.0,-33.5701560974,142.510940552
6833480000.0,-33.4858283997,142.125396729
6833485000.0,-33.4674682617,142.660079956
6833490000.0,-33.4680938721,142.11630249
6833495000.0,-33.4311485291,141.807693481
6833500000.0,-33.4122467041,142.075256348
6833505000.0,-33.3450088501,142.821380615
6833510000.0,-33.3689727783,141.873779297
6833515000.0,-33.3592910767,141.832504272
6833520000.0,-33.3844032288,142.076141357
6833525000.0,-33.2268791199,142.06401062
6833530000.0,-33.2737312317,142.514022827
6833535000.0,-33.2803230286,142.333282471
6833540000.0,-33.2389411926,141.557327271
6833545000.0,-33.2137107849,141.512115479
6833550000.0,-33.1377868652,141.550506592
6833555000.0,-33.1987342834,142.572723389
6833560000.0,-33.1562805176,141.95602417
6833565000.0,-33.1035881042,141.616882324
6833570000.0,-33.094871521,141.444259644
6833575000.0,-33.1025085449,141.87638855
6833580000.0,-33.0118370056,141.563522339
6833585000.0,-32.9550590515,141.644866943
6833590000.0,-33.0030555725,141.73840332
6833595000.0,-32.8151702881,141.557723999
6833600000.0,-33.0386352539,141.280471802
6833605000.0,-32.8747634888,141.371002197
6833610000.0,-32.8410835266,141.293777466
6833615000.0,-32.766620636,140.963577271
6833620000.0,-32.7534751892,140.949951172
6833625000.0,-32.7381439209,141.243606567
6833630000.0,-32.6692962646,141.055496216
6833635000.0,-32.6011428833,140.870986938
6833640000.0,-32.5657157898,140.932754517
6833645000.0,-32.5596961975,141.065063477
6833650000.0,-32.5065956116,140.77557373
6833655000.0,-32.5348129272,141.500244141
6833660000.0,-32.450340271,140.529373169
6833665000.0,-32.4003868103,140.971618652
6833670000.0,-32.3733596802,141.001815796
6833675000.0,-32.3089485168,140.368209839
6833680000.0,-32.2106285095,139.986099243
6833685000.0,-32.2147750854,140.342773438
6833690000.0,-32.2172241211,140.564697266
6833695000.0,-32.0720405579,139.821136475
6833700000.0,-32.0770950317,140.245132446
6833705000.0,-31.9696941376,140.162719727
6833710000.0,-31.8936386108,140.251876831
6833715000.0,-31.8812217712,139.412322998
6833720000.0,-31.7764663696,140.032211304
6833725000.0,-31.7339382172,139.754226685
6833730000.0,-31.6442203522,139.100372314
6833735000.0,-31.5240783691,139.09211731
6833740000.0,-31.5284118652,139.499847412
6833745000.0,-31.4614124298,139.356338501
6833750000.0,-31.3472270966,139.201583862
6833755000.0,-31.2847099304,138.756225586
6833760000.0,-31.2004470825,138.788009644
6833765000.0,-31.0634403229,138.57093811
6833770000.0,-30.9230766296,138.467147827
6833775000.0,-30.9113731384,137.786407471
6833780000.0,-30.814250946,137.843811035
6833785000.0,-30.6557941437,137.762283325
6833790000.0,-30.5911922455,137.4322052
6833795000.0,-30.4903564453,137.287841797
6833800000.0,-30.3644676208,137.510604858
6833805000.0,-30.1824588776,137.084228516
6833810000.0,-30.1472873688,136.876251221
6833815000.0,-30.0075359344,136.343109131
6833820000.0,-29.7571048737,136.293487549
6833825000.0,-29.6224193573,136.072875977
6833830000.0,-29.4815864563,135.909988403
6833835000.0,-29.3100471497,135.311294556
6833840000.0,-29.1521129608,134.829101563
6833845000.0,-28.9835968018,134.951782227
6833850000.0,-28.8072509766,134.429367065
6833855000.0,-28.5480308533,134.046676636
6833860000.0,-28.319355011,133.309005737
6833865000.0,-28.1069164276,133.139450073
6833870000.0,-27.8118953705,132.414047241
6833875000.0,-27.5327224731,131.865112305
6833880000.0,-27.2130279541,131.40637207
6833885000.0,-26.9142475128,130.457061768
6833890000.0,-26.5611019135,129.65057373
6833895000.0,-26.1774559021,128.674682617
6833900000.0,-25.7203483582,127.780693054
6833905000.0,-25.303232193,126.563896179
6833910000.0,-24.7868518829,125.235244751
6833915000.0,-24.2472286224,123.783027649
6833920000.0,-23.6352596283,121.547874451
6833925000.0,-22.9434585571,119.416954041
6833930000.0,-22.1461982727,116.513778687
6833935000.0,-21.2560005188,112.865203857
6833940000.0,-20.2726383209,108.165077209
6833945000.0,-19.1594257355,101.957206726
6833950000.0,-18.0045433044,93.2164382935
6833955000.0,-16.8815975189,81.0197143555
6833960000.0,-16.1096096039,64.9393005371
6833965000.0,-16.0684490204,45.9456214905
6833970000.0,-16.9767379761,27.6261730194
6833975000.0,-18.5053882599,12.6874046326
6833980000.0,-20.275270462,1.73588526249
6833985000.0,-22.0537452698,-6.1997294426
6833990000.0,-23.7385425568,-12.0707359314
6833995000.0,-25.3141365051,-16.6777915955
6834000000.0,-26.8000240326,-19.8173103333
6834005000.0,-28.1510047913,-22.8086051941
6834010000.0,-29.414894104,-25.4263725281
6834015000.0,-30.7699623108,-26.5930671692
6834020000.0,-31.9628067017,-29.2916221619
6834025000.0,-33.1223144531,-30.8775234222
6834030000.0,-34.2484931946,-32.6293487549
6834035000.0,-35.330116272,-33.9303855896
6834040000.0,-36.6838378906,-34.9915313721
6834045000.0,-37.7146682739,-38.389465332
6834050000.0,-38.8166809082,-38.6755828857
6834055000.0,-40.104019165,-41.5997505188
6834060000.0,-41.3545150757,-42.4653244019
6834065000.0,-42.7063217163,-43.9845199585
6834070000.0,-44.0646362305,-47.0607414246
6834075000.0,-45.3981323242,-50.5843963623
6834080000.0,-46.6301689148,-52.6168937683
6834085000.0,-48.2701683044,-56.1790962219
6834090000.0,-50.5124549866,-63.8023605347
6834095000.0,-51.6003608704,-72.7208480835
6834100000.0,-52.9627456665,-82.0524749756
6834105000.0,-54.7915611267,-99.9536972046
6834110000.0,-56.2005653381,-113.405517578
6834115000.0,-54.9027633667,-137.237533569
6834120000.0,-54.7348365784,-153.172912598
6834125000.0,-54.2112312317,-165.266235352
6834130000.0,-52.6952362061,-168.631484985
6834135000.0,-51.990562439,-176.346160889
6834140000.0,-50.3252754211,178.119308472
6834145000.0,-49.5202140808,173.258605957
6834150000.0,-48.7873420715,172.099395752
6834155000.0,-48.580406189,164.155685425
6834160000.0,-47.7199211121,167.465179443
6834165000.0,-47.3537025452,164.933639526
6834170000.0,-46.460773468,163.083450317
6834175000.0,-46.2028388977,162.790496826
6834180000.0,-45.472202301,161.183700562
6834185000.0,-45.3981933594,163.449707031
6834190000.0,-44.9696846008,159.934921265
6834195000.0,-44.7070274353,161.221969604
6834200000.0,-44.3679885864,156.152374268
6834205000.0,-44.3478317261,156.61769104
6834210000.0,-43.7326126099,157.518585205
6834215000.0,-43.7341384888,155.145233154
6834220000.0,-43.4683876038,156.036636353
6834225000.0,-43.0666465759,156.061599731
6834230000.0,-43.0220794678,154.094802856
6834235000.0,-42.7857055664,155.885543823
6834240000.0,-42.5971336365,157.515823364
6834245000.0,-42.4006080627,155.100524902
6834250000.0,-42.3295936584,155.984008789
6834255000.0,-42.145275116,153.407089233
6834260000.0,-42.0099449158,153.856430054
6834265000.0,-41.6346130371,152.842285156
6834270000.0,-41.9899406433,154.062866211
6834275000.0,-41.6562614441,152.379272461
6834280000.0,-41.5394325256,154.56187439
6834285000.0,-41.5895462036,152.054733276
6834290000.0,-41.2459106445,152.941879272
6834295000.0,-40.987651825,152.131546021
6834300000.0,-40.9100914001,151.967727661
6834305000.0,-41.012172699,152.818862915
6834310000.0,-40.7394676208,152.616256714
6834315000.0,-40.9506759644,152.10546875
6834320000.0,-40.7463722229,152.384246826
6834325000.0,-40.6937294006,151.989257813
6834330000.0,-40.5292854309,150.917312622
6834335000.0,-40.3652458191,152.03314209
6834340000.0,-40.4582595825,152.784622192
6834345000.0,-40.3187332153,150.313018799
6834350000.0,-40.471031189,150.242095947
6834355000.0,-40.2688674927,151.61579895
6834360000.0,-40.0813026428,152.395950317
6834365000.0,-40.1227455139,152.027191162
6834370000.0,-39.9207344055,150.326080322
6834375000.0,-39.9609451294,150.708450317
6834380000.0,-40.0041732788,150.415100098
6834385000.0,-39.9060058594,150.746078491
6834390000.0,-39.6969299316,150.066574097
6834395000.0,-39.721446991,151.027374268
6834400000.0,-39.8009033203,149.557754517
6834405000.0,-39.5858306885,149.980529785
6834410000.0,-39.4307975769,150.333450317
6834415000.0,-39.4951934814,149.506072998
6834420000.0,-39.3952407837,151.147705078
6834425000.0,-39.4815788269,149.70501709
6834430000.0,-39.4185562134,148.528686523
6834435000.0,-39.2115478516,150.512084961
6834440000.0,-39.1972007751,150.316482544
6834445000.0,-39.3529930115,149.664276123
6834450000.0,-39.2440605164,149.155914307
6834455000.0,-39.3308563232,150.600341797
6834460000.0,-39.192741394,148.961929321
6834465000.0,-39.1506576538,148.331481934
6834470000.0,-39.1658935547,150.489242554
6834475000.0,-39.057258606,149.632843018
6834480000.0,-39.1660385132,150.0521698
6834485000.0,-39.1755638123,149.320281982
6834490000.0,-38.9244194031,148.668670654
6834495000.0,-38.8975296021,148.110076904
6834500000.0,-38.8841514587,149.096969604
6834505000.0,-38.7849502563,149.372192383
6834510000.0,-38.8310699463,149.200164795
6834515000.0,-39.0418319702,149.395385742
6834520000.0,-38.9531364441,148.626205444
6834525000.0,-38.8734970093,149.598083496
6834530000.0,-38.8535957336,148.569351196
6834535000.0,-38.7607269287,148.306671143
6834540000.0,-38.6951065063,149.326004028
6834545000.0,-38.7349014282,148.856796265
6834550000.0,-38.6912994385,148.901489258
6834555000.0,-38.6545066833,149.129974365
6834560000.0,-38.6949653625,148.762969971
6834565000.0,-38.5083808899,148.410675049
6834570000.0,-38.5307350159,148.016052246
6834575000.0,-38.691280365,148.504547119
6834580000.0,-38.6356277466,147.866699219
6834585000.0,-38.5558319092,148.224334717
6834590000.0,-38.5086708069,147.213912964
6834595000.0,-38.4824905396,147.252883911
6834600000.0,-38.4937934875,148.240585327
6834605000.0,-38.4560432434,148.891586304
6834610000.0,-38.4204864502,148.570755005
6834615000.0,-38.3822212219,148.331451416
6834620000.0,-38.4881286621,148.395889282
6834625000.0,-38.3831138611,147.801803589
6834630000.0,-38.347202301,148.33430481
6834635000.0,-38.2618942261,148.434585571
6834640000.0,-38.2282981873,148.842437744
6834645000.0,-38.2318115234,148.816833496
6834650000.0,-38.4559173584,147.438476563
6834655000.0,-38.3215026855,148.83821106
6834660000.0,-38.305355072,147.734649658
6834665000.0,-38.2153167725,147.328186035
6834670000.0,-38.2596740723,148.726913452
6834675000.0,-38.1611251831,148.14453125
6834680000.0,-38.1599121094,147.265655518
6834685000.0,-38.1659088135,148.192581177
6834690000.0,-38.0648880005,147.995285034
6834695000.0,-38.1039352417,147.54107666
6834700000.0,-38.240486145,147.47479248
6834705000.0,-38.1466445923,147.851303101
6834710000.0,-38.0411071777,147.572845459
6834715000.0,-38.0187988281,147.731933594
6834720000.0,-38.077960968,148.150588989
6834725000.0,-38.0790710449,147.610244751
6834730000.0,-38.0440597534,146.893554688
6834735000.0,-38.0885696411,147.3775177
6834740000.0,-37.8953208923,148.074111938
6834745000.0,-37.9729995728,147.717575073
6834750000.0,-38.038356781,146.649688721
6834755000.0,-38.0913581848,147.179290771
6834760000.0,-37.9698944092,147.926986694
6834765000.0,-38.0705223083,148.142044067
6834770000.0,-37.9224853516,146.409088135
6834775000.0,-37.8286933899,147.302108765
6834780000.0,-38.0032348633,147.717163086
6834785000.0,-37.9426116943,147.708953857
6834790000.0,-37.8544921875,146.713592529
6834795000.0,-37.9882164001,148.061782837
6834800000.0,-37.9230690002,147.553573608
6834805000.0,-37.9013137817,146.560195923
6834810000.0,-37.8320846558,147.763305664
6834815000.0,-37.8828163147,147.889938354
6834820000.0,-37.8528747559,147.661682129
6834825000.0,-37.9066619873,147.952209473
6834830000.0,-37.9166259766,147.185943604
6834835000.0,-37.8298721313,147.192871094
6834840000.0,-37.956325531,147.375701904
6834845000.0,-37.925868988,146.686843872
6834850000.0,-37.7789840698,147.020568848
6834855000.0,-37.7823562622,147.291687012
6834860000.0,-37.7437210083,147.274719238
6834865000.0,-37.819858551,146.343536377
6834870000.0,-37.9629707336,147.125396729
6834875000.0,-37.7589645386,147.523895264
6834880000.0,-37.8295478821,147.629821777
6834885000.0,-37.8022575378,147.269317627
6834890000.0,-37.7550697327,146.516418457
6834895000.0,-37.6804618835,148.016983032
6834900000.0,-37.6633987427,146.910308838
6834905000.0,-37.7861709595,146.700546265
6834910000.0,-37.653339386,146.97819519
6834915000.0,-37.6442871094,147.514663696
6834920000.0,-37.6783638,146.496673584
6834925000.0,-37.6276016235,147.817871094
6834930000.0,-37.7301635742,147.519042969
6834935000.0,-37.714427948,146.97454834
6834940000.0,-37.7851371765,146.634918213
6834945000.0,-37.6274719238,147.17817688
6834950000.0,-37.7723808289,147.372421265
6834955000.0,-37.5134315491,147.505813599
6834960000.0,-37.7172050476,146.390274048
6834965000.0,-37.5741653442,146.163757324
6834970000.0,-37.5754699707,146.686767578
6834975000.0,-37.5655822754,146.482269287
6834980000.0,-37.4498825073,146.842147827
6834985000.0,-37.706287384,146.846252441
6834990000.0,-37.6604537964,145.809234619
6834995000.0,-37.7052497864,147.623733521
6835000000.0,-37.6040611267,147.056900024
6835005000.0,-37.6784324646,147.457855225
6835010000.0,-37.543296814,147.361602783
6835015000.0,-37.5674095154,147.119293213
6835020000.0,-37.6110992432,146.292282104
6835025000.0,-37.5179443359,146.97177124
6835030000.0,-37.6031799316,146.837020874
6835035000.0,-37.506652832,146.454864502
6835040000.0,-37.5319786072,146.74772644
6835045000.0,-37.6313514709,146.858673096
6835050000.0,-37.5563659668,146.690765381
6835055000.0,-37.658039093,146.757995605
6835060000.0,-37.5329475403,147.072311401
6835065000.0,-37.6789321899,147.079833984
6835070000.0,-37.6260643005,146.787384033
6835075000.0,-37.7900352478,146.890136719
6835080000.0,-37.5410614014,146.172454834
6835085000.0,-37.5615959167,146.601821899
6835090000.0,-37.5599899292,146.816207886
6835095000.0,-37.5192985535,146.885314941
6835100000.0,-37.6253013611,146.717498779
6835105000.0,-37.6544570923,146.718826294
6835110000.0,-37.620174408,146.065765381
6835115000.0,-37.4933166504,146.308761597
6835120000.0,-37.6100997925,146.387741089
6835125000.0,-37.5800590515,147.499176025
6835130000.0,-37.5537147522,147.089981079
6835135000.0,-37.5015449524,147.012283325
6835140000.0,-37.4589538574,145.734786987
6835145000.0,-37.4664497375,147.344650269
6835150000.0,-37.6682281494,146.446304321
6835155000.0,-37.422504425,146.125640869
6835160000.0,-37.4682922363,147.037521362
6835165000.0,-37.4817390442,146.600830078
6835170000.0,-37.4156112671,147.769271851
6835175000.0,-37.4604225159,146.880599976
6835180000.0,-37.440990448,146.44291687
6835185000.0,-37.4607849121,146.221939087
6835190000.0,-37.4261627197,146.352142334
6835195000.0,-37.4086380005,147.153381348
6835200000.0,-37.4426765442,146.553665161
6835205000.0,-37.4998283386,146.558258057
6835210000.0,-37.4412727356,146.368347168
6835215000.0,-37.3931541443,146.287353516
6835220000.0,-37.4522132874,146.290466309
6835225000.0,-37.5654678345,147.292388916
6835230000.0,-37.4779090881,145.964523315
6835235000.0,-37.5309066772,147.398422241
6835240000.0,-37.3427505493,146.147354126
6835245000.0,-37.4287490845,147.171447754
6835250000.0,-37.4806289673,145.951141357
6835255000.0,-37.4241943359,146.426025391
6835260000.0,-37.5019569397,147.083587646
6835265000.0,-37.3964614868,146.225875854
6835270000.0,-37.4976882935,146.407501221
6835275000.0,-37.3761062622,145.646911621
6835280000.0,-37.3984222412,147.575485229
6835285000.0,-37.4639205933,147.043762207
6835290000.0,-37.4108276367,145.942901611
6835295000.0,-37.3631896973,147.143173218
6835300000.0,-37.4821014404,146.172393799
6835305000.0,-37.4283866882,145.587036133
6835310000.0,-37.4191436768,145.889907837
6835315000.0,-37.29454422,146.264373779
6835320000.0,-37.3038673401,146.607559204
6835325000.0,-37.3809890747,146.504837036
6835330000.0,-37.3793830872,146.603912354
6835335000.0,-37.5250854492,146.589736938
6835340000.0,-37.2390022278,146.537582397
6835345000.0,-37.4944229126,146.186599731
6835350000.0,-37.3343467712,146.636901855
6835355000.0,-37.3294525146,145.760437012
6835360000.0,-37.4079589844,147.254745483
6835365000.0,-37.360206604,146.007034302
6835370000.0,-37.381187439,146.43510437
6835375000.0,-37.3791236877,146.000320435
6835380000.0,-37.3377189636,146.246139526
6835385000.0,-37.2604446411,146.350387573
6835390000.0,-37.5563468933,145.386734009
6835395000.0,-37.1838569641,146.928894043
6835400000.0,-37.3080558777,146.466369629
6835405000.0,-37.4319992065,146.945068359
6835410000.0,-37.4455337524,145.517974854
6835415000.0,-37.4006195068,145.667358398
6835420000.0,-37.3207321167,145.73487854
6835425000.0,-37.2996482849,146.575881958
6835430000.0,-37.3169670105,146.745300293
6835435000.0,-37.2673034668,146.919052124
6835440000.0,-37.3443260193,146.621841431
6835445000.0,-37.4745941162,145.50819397
6835450000.0,-37.3292274475,146.401947021
6835455000.0,-37.3842773438,146.329559326
6835460000.0,-37.4907646179,145.715576172
6835465000.0,-37.2879981995,146.440536499
6835470000.0,-37.3755531311,145.915283203
6835475000.0,-37.2528877258,146.951431274
6835480000.0,-37.2686462402,146.485748291
6835485000.0,-37.3760375977,146.124435425
6835490000.0,-37.4824028015,146.363540649
6835495000.0,-37.3839874268,146.101638794
6835500000.0,-37.406578064,146.84085083
6835505000.0,-37.4133872986,145.076416016
6835510000.0,-37.4500274658,146.094146729
6835515000.0,-37.3065376282,146.25213623
6835520000.0,-37.3885879517,146.663040161
6835525000.0,-37.4136657715,146.280181885
6835530000.0,-37.2716293335,146.554382324
6835535000.0,-37.31016922,145.178970337
6835540000.0,-37.3277778625,145.482772827
6835545000.0,-37.3058166504,145.946685791
6835550000.0,-37.3968544006,146.425979614
6835555000.0,-37.2398872375,146.816146851
6835560000.0,-37.3124580383,146.194961548
6835565000.0,-37.2929801941,145.948959351
6835570000.0,-37.2549858093,146.400146484
6835575000.0,-37.4269752502,145.986785889
6835580000.0,-37.330280304,145.100845337
6835585000.0,-37.3288192749,145.637161255
6835590000.0,-37.396774292,146.504867554
6835595000.0,-37.2639732361,146.541992188
6835600000.0,-37.3057174683,145.818603516
6835605000.0,-37.2965240479,146.351791382
6835610000.0,-37.402469635,146.437088013
6835615000.0,-37.2317352295,145.849685669
6835620000.0,-37.310710907,146.838867188
6835625000.0,-37.3422393799,145.323074341
6835630000.0,-37.2980461121,146.404495239
6835635000.0,-37.4224662781,146.105102539
6835640000.0,-37.1866035461,146.125701904
6835645000.0,-37.4245414734,145.816543579
6835650000.0,-37.3486633301,145.248733521
6835655000.0,-37.3101654053,145.697402954
6835660000.0,-37.3159103394,146.336685181
6835665000.0,-37.3051490784,146.151260376
6835670000.0,-37.3930931091,146.161651611
6835675000.0,-37.4357299805,146.560333252
6835680000.0,-37.3179092407,146.014755249
6835685000.0,-37.38879776,145.751205444
6835690000.0,-37.2577133179,145.744415283
6835695000.0,-37.2672462463,145.573165894
6835700000.0,-37.196231842,146.167861938
6835705000.0,-37.2251663208,146.680236816
6835710000.0,-37.3167266846,145.973678589
6835715000.0,-37.3633804321,146.139190674
6835720000.0,-37.227306366,146.835144043
6835725000.0,-37.2717819214,146.48260498
6835730000.0,-37.3702430725,146.307800293
6835735000.0,-37.2228279114,146.103408813
6835740000.0,-37.2696723938,146.778640747
6835745000.0,-37.1774139404,145.545501709
6835750000.0,-37.3132362366,147.110748291
6835755000.0,-37.277797699,146.513381958
6835760000.0,-37.2021102905,146.240966797
6835765000.0,-37.3550796509,145.387924194
6835770000.0,-37.3030776978,146.187545776
6835775000.0,-37.2645721436,144.818008423
6835780000.0,-37.2313652039,145.268432617
6835785000.0,-37.3084182739,145.690887451
6835790000.0,-37.3461914063,146.475143433
6835795000.0,-37.2167243958,145.849243164
6835800000.0,-37.3689537048,145.852279663
6835805000.0,-37.2160110474,146.129486084
6835810000.0,-37.3004875183,145.368026733
6835815000.0,-37.2616539001,145.539703369
6835820000.0,-37.303352356,145.704650879
6835825000.0,-37.3676376343,145.543014526
6835830000.0,-37.405582428,146.008987427
6835835000.0,-37.1764640808,145.149719238
6835840000.0,-37.3308677673,144.813262939
6835845000.0,-37.2297210693,145.359054565
6835850000.0,-37.3147201538,145.03616333
6835855000.0,-37.2481575012,146.104537964
6835860000.0,-37.3632316589,145.211791992
6835865000.0,-37.3429641724,145.634475708
6835870000.0,-37.2618179321,145.971343994
6835875000.0,-37.3149986267,146.044281006
6835880000.0,-37.2657203674,146.140365601
6835885000.0,-37.3945007324,145.883773804
6835890000.0,-37.2199745178,145.531265259
6835895000.0,-37.2700614929,146.202911377
6835900000.0,-37.2925796509,145.594726563
6835905000.0,-37.3278656006,145.473861694
6835910000.0,-37.32762146,145.538131714
6835915000.0,-37.3444290161,146.096878052
6835920000.0,-37.2503204346,145.785812378
6835925000.0,-37.3719825745,146.360824585
6835930000.0,-37.1563682556,146.123687744
6835935000.0,-37.310634613,145.720489502
6835940000.0,-37.1240653992,145.732009888
6835945000.0,-37.249080658,145.505096436
6835950000.0,-37.2199935913,146.543029785
6835955000.0,-37.4280586243,145.981796265
6835960000.0,-37.2101860046,144.978317261
6835965000.0,-37.2313652039,145.411972046
6835970000.0,-37.084022522,145.626876831
6835975000.0,-37.363986969,145.709121704
6835980000.0,-37.2946395874,144.944625854
6835985000.0,-37.2245178223,146.223800659
6835990000.0,-37.2192802429,146.007537842
6835995000.0,-37.2189445496,146.884399414
6836000000.0,-37.2131843567,145.800994873
6836005000.0,-37.2540512085,146.606994629
6836010000.0,-37.2951316833,146.270507813
6836015000.0,-37.2617225647,146.196136475
6836020000.0,-37.2702980042,145.531112671
6836025000.0,-37.392791748,145.252456665
6836030000.0,-37.3853302002,145.397247314
6836035000.0,-37.2518539429,146.201416016
6836040000.0,-37.313835144,146.63369751
6836045000.0,-37.2682685852,145.881958008
6836050000.0,-37.2982673645,145.285980225
6836055000.0,-37.2353439331,146.083206177
6836060000.0,-37.3093147278,145.176544189
6836065000.0,-37.3171310425,145.65788269
6836070000.0,-37.383644104,146.035095215
6836075000.0,-37.4014854431,144.544570923
6836080000.0,-37.2639350891,145.638092041
6836085000.0,-37.3908348083,145.712081909
6836090000.0,-37.245388031,145.425994873
6836095000.0,-37.3081169128,145.746688843
6836100000.0,-37.175201416,145.497711182
6836105000.0,-37.2779006958,145.890304565
6836110000.0,-37.247303009,146.20741272
6836115000.0,-37.2562599182,145.958816528
6836120000.0,-37.1893920898,145.903015137
6836125000.0,-37.1854476929,145.50617981
6836130000.0,-37.3232154846,145.398925781
6836135000.0,-37.3846282959,145.608734131
6836140000.0,-37.2462806702,145.042373657
6836145000.0,-37.2421569824,145.280075073
6836150000.0,-37.3268547058,145.24407959
6836155000.0,-37.3769378662,145.888595581
6836160000.0,-37.1875,145.929351807
6836165000.0,-37.152256012,144.953414917
6836170000.0,-37.2218589783,146.249221802
6836175000.0,-37.2851638794,145.497558594
6836180000.0,-37.353805542,144.747131348
6836185000.0,-37.296081543,144.587722778
6836190000.0,-37.3016891479,145.536834717
6836195000.0,-37.282245636,145.56288147
6836200000.0,-37.3003311157,145.794342041
6836205000.0,-37.2484779358,145.377044678
6836210000.0,-37.3190689087,144.53024292
6836215000.0,-37.276763916,144.543624878
6836220000.0,-37.2702865601,145.702316284
6836225000.0,-37.193939209,145.842651367
6836230000.0,-37.3451652527,145.792648315
6836235000.0,-37.4179649353,145.986297607
6836240000.0,-37.2932395935,145.689865112
6836245000.0,-37.2980461121,145.799789429
6836250000.0,-37.2889709473,145.750350952
6836255000.0,-37.2770462036,145.280914307
6836260000.0,-37.3960342407,144.605438232
6836265000.0,-37.2527809143,145.751678467
6836270000.0,-37.3523521423,145.261810303
6836275000.0,-37.2542152405,144.880523682
6836280000.0,-37.1794586182,145.71295166
6836285000.0,-37.3099021912,146.835083008
6836290000.0,-37.1882133484,145.95375061
6836295000.0,-37.3856391907,145.524917603
6836300000.0,-37.3002357483,146.121185303
6836305000.0,-37.3140487671,145.244857788
6836310000.0,-37.2758560181,145.555130005
6836315000.0,-37.2385597229,144.706451416
6836320000.0,-37.2734985352,145.511322021
6836325000.0,-37.2538375854,145.197738647
6836330000.0,-37.2238731384,145.330276489
6836335000.0,-37.2799491882,146.321594238
6836340000.0,-37.4884109497,145.805908203
6836345000.0,-37.2599563599,145.481109619
6836350000.0,-37.3265724182,145.274169922
6836355000.0,-37.3381958008,145.055541992
6836360000.0,-37.2106704712,144.949401855
6836365000.0,-37.3522109985,146.101974487
6836370000.0,-37.4552230835,144.686569214
6836375000.0,-37.2611541748,145.166030884
6836380000.0,-37.3138542175,144.607910156
6836385000.0,-37.1662521362,145.653045654
6836390000.0,-37.2902984619,144.013748169
6836395000.0,-37.4339790344,145.627792358
6836400000.0,-37.287437439,145.590637207
6836405000.0,-37.1935844421,145.413024902
6836410000.0,-37.1968345642,144.953369141
6836415000.0,-37.3483467102,145.210128784
6836420000.0,-37.3432617188,145.435211182
6836425000.0,-37.3040466309,144.568237305
6836430000.0,-37.3739738464,145.629364014
6836435000.0,-37.2779998779,145.398895264
6836440000.0,-37.2692718506,145.284088135
6836445000.0,-37.1563148499,146.065704346
6836450000.0,-37.412776947,145.145584106
6836455000.0,-37.4239463806,145.657073975
6836460000.0,-37.2118759155,145.19291687
6836465000.0,-37.3054962158,145.881332397
6836470000.0,-37.458480835,145.070953369
6836475000.0,-37.508605957,145.917449951
6836480000.0,-37.3816108704,145.007522583
6836485000.0,-37.5531234741,144.962005615
6836490000.0,-37.3619918823,145.421188354
6836495000.0,-37.3337440491,145.700210571
6836500000.0,-37.3246421814,144.671173096
6836505000.0,-37.2119903564,144.922042847
6836510000.0,-37.272644043,145.376052856
6836515000.0,-37.3477210999,145.547042847
6836520000.0,-37.5149002075,144.81022644
6836525000.0,-37.2249565125,145.158203125
6836530000.0,-37.2286376953,145.148513794
6836535000.0,-37.2479438782,144.672851563
6836540000.0,-37.3157043457,145.564086914
6836545000.0,-37.3048591614,144.787750244
6836550000.0,-37.411315918,146.305938721
6836555000.0,-37.3694992065,145.390640259
6836560000.0,-37.3049888611,145.508590698
6836565000.0,-37.3844451904,144.667419434
6836570000.0,-37.3315315247,145.326309204
6836575000.0,-37.2488021851,145.672393799
6836580000.0,-37.3605232239,144.239425659
6836585000.0,-37.3042411804,146.04598999
6836590000.0,-37.3147315979,145.197128296
6836595000.0,-37.3589057922,145.201919556
6836600000.0,-37.3734664917,144.98765564
6836605000.0,-37.299243927,145.638793945
6836610000.0,-37.4553604126,144.868118286
